Rainfall_mm,River_Level_m,Soil_Moisture_%,City,Flood_Risk,Evacuation_Required
102.0,2.08,73.4,Suburban,Moderate,1
270.0,3.25,47.1,Suburban,High,1
106.0,0.61,19.6,Urban,High,0
71.0,1.02,35.8,Urban,Low,0
188.0,1.07,60.5,Suburban,Low,0
20.0,1.35,22.2,Suburban,Low,1
102.0,2.57,51.3,Rural,Moderate,1
121.0,,58.7,Rural,Low,0
,4.57,34.1,Suburban,Moderate,1
87.0,4.26,58.6,Rural,Low,0
99.0,1.39,71.9,Urban,Moderate,0
151.0,2.49,43.0,Rural,High,1
130.0,1.4,36.8,Rural,Moderate,1
149.0,1.69,27.6,Suburban,Moderate,1
257.0,2.77,52.3,Rural,Moderate,1
293.0,0.81,71.6,Suburban,High,0
191.0,1.48,32.7,Suburban,Moderate,0
276.0,4.71,37.7,Suburban,High,1
160.0,,38.5,Urban,Low,1
21.0,2.5,49.3,Rural,Low,1
252.0,0.57,26.0,Rural,High,0
235.0,1.61,67.6,Rural,Moderate,0
48.0,4.4,30.7,Suburban,Low,1
58.0,1.24,59.4,Urban,Moderate,0
169.0,2.37,45.9,Suburban,Moderate,0
187.0,0.56,51.0,Rural,High,0
270.0,2.65,22.6,Suburban,Low,0
189.0,0.59,61.5,Suburban,High,1
174.0,4.19,23.2,Rural,High,1
50.0,4.21,17.9,Suburban,High,1
54.0,4.04,48.3,Suburban,High,1
243.0,1.78,59.7,Urban,Moderate,0
130.0,4.27,13.5,Suburban,Low,1
134.0,2.94,14.9,Urban,Low,1
20.0,,66.2,Rural,Low,1
166.0,3.31,66.6,Urban,Moderate,1
273.0,0.56,27.2,Suburban,Moderate,1
88.0,1.14,53.1,Rural,High,0
,3.84,41.0,Suburban,High,1
241.0,1.6,54.3,Suburban,High,0
264.0,3.19,70.4,Urban,High,0
52.0,2.23,15.6,Suburban,Low,0
91.0,4.35,64.5,Urban,High,0
263.0,4.79,44.5,Rural,Moderate,0
34.0,4.48,49.5,Rural,Moderate,0
205.0,1.72,55.8,Suburban,Moderate,1
80.0,1.37,74.6,Urban,High,0
49.0,2.63,14.0,Suburban,Low,1
1.0,0.53,,Suburban,Low,0
,0.62,22.5,Suburban,High,0
105.0,2.99,79.1,Suburban,High,0
259.0,2.84,60.1,Urban,Moderate,1
190.0,,53.0,Suburban,Moderate,0
217.0,1.41,,Rural,Low,0
43.0,1.66,71.5,Urban,Moderate,1
161.0,1.01,66.9,Suburban,Moderate,0
201.0,4.63,56.5,Urban,High,0
269.0,4.0,33.7,Suburban,Low,0
270.0,4.2,14.9,Rural,High,1
214.0,4.56,50.6,Rural,Low,0
251.0,2.86,60.4,Rural,High,0
189.0,2.53,16.6,Urban,Low,1
295.0,1.99,54.4,Rural,Moderate,1
212.0,3.15,30.0,Suburban,Low,0
207.0,2.54,63.5,Suburban,Low,0
236.0,2.53,47.8,Suburban,High,0
52.0,4.72,19.0,Urban,Low,0
279.0,4.93,46.9,Urban,Low,1
216.0,,37.7,Rural,Low,1
251.0,3.91,22.6,Urban,High,1
187.0,3.56,68.9,Suburban,Low,0
40.0,1.25,10.8,Suburban,High,1
156.0,0.77,31.8,Suburban,Moderate,1
14.0,3.61,10.9,Urban,High,0
64.0,3.78,16.7,Suburban,Low,0
8.0,0.71,30.8,Rural,Moderate,0
128.0,4.68,13.8,Urban,Low,0
135.0,0.91,51.8,Suburban,High,0
62.0,1.79,16.1,Suburban,Moderate,0
138.0,3.53,59.1,Urban,Moderate,1
80.0,1.26,13.7,Urban,Moderate,0
162.0,0.75,14.2,Rural,Low,0
288.0,1.99,31.4,Urban,Moderate,1
260.0,3.95,72.8,Suburban,Moderate,1
230.0,2.36,54.9,Rural,Moderate,1
40.0,3.44,63.9,Suburban,Moderate,1
27.0,3.11,19.9,Suburban,High,1
134.0,0.6,68.4,Suburban,Low,0
200.0,4.95,,Urban,Low,0
267.0,0.69,24.9,Urban,Moderate,1
32.0,4.86,53.1,Suburban,High,1
47.0,2.97,36.3,Urban,Moderate,1
61.0,4.83,78.9,Suburban,Low,1
215.0,1.02,12.1,Urban,Low,0
292.0,2.71,79.9,Urban,Low,1
98.0,1.26,53.7,Urban,Moderate,1
171.0,0.73,49.1,Rural,Moderate,0
213.0,3.28,14.2,Urban,High,0
34.0,1.44,29.1,Rural,High,0
226.0,3.14,74.7,Rural,Low,1
100.0,,34.8,Rural,Low,1
130.0,1.99,56.3,Suburban,High,0
256.0,4.02,80.0,Urban,Low,1
4.0,2.47,28.4,Suburban,High,1
217.0,3.32,50.3,Rural,Moderate,0
254.0,3.41,58.8,Urban,Low,0
282.0,4.3,21.5,Suburban,Low,0
206.0,1.96,20.4,Rural,High,1
,3.59,41.9,Suburban,Moderate,0
41.0,4.83,37.0,Suburban,Low,1
178.0,3.79,60.0,Urban,Low,1
62.0,2.7,14.9,Urban,High,1
230.0,3.34,78.1,Suburban,Moderate,0
240.0,3.83,11.0,Urban,High,0
51.0,3.26,52.1,Urban,Moderate,0
95.0,0.58,49.4,Suburban,Moderate,1
221.0,1.38,19.4,Urban,High,0
230.0,4.15,20.6,Urban,High,0
236.0,1.73,65.5,Rural,Moderate,1
142.0,3.79,,Urban,High,1
170.0,2.17,29.8,Rural,Low,0
28.0,2.85,40.7,Suburban,Low,0
35.0,0.81,34.8,Rural,Low,1
12.0,1.32,15.1,Suburban,Low,1
159.0,4.81,57.1,Urban,Low,1
186.0,4.51,67.8,Urban,High,0
242.0,3.44,31.3,Rural,Moderate,0
85.0,2.57,79.3,Suburban,High,1
283.0,3.54,15.3,Urban,Low,0
65.0,3.28,56.3,Rural,Low,0
169.0,3.06,41.4,Rural,High,0
44.0,0.77,41.3,Rural,High,1
61.0,3.35,42.0,Urban,Moderate,0
133.0,3.96,28.1,Suburban,Low,1
283.0,4.97,,Urban,High,0
27.0,0.55,60.5,Urban,Moderate,1
107.0,3.79,29.8,Suburban,Low,1
43.0,3.07,68.5,Rural,Low,0
285.0,2.45,32.2,Urban,Low,0
127.0,1.07,60.8,Rural,High,1
230.0,2.34,18.5,Rural,Low,1
189.0,2.09,21.8,Suburban,Low,0
,1.86,32.1,Suburban,Moderate,1
282.0,3.79,51.6,Suburban,High,1
120.0,3.65,55.2,Rural,Moderate,0
115.0,3.15,37.7,Rural,High,0
232.0,4.72,15.4,Urban,Low,0
258.0,2.07,,Rural,Moderate,0
197.0,1.6,58.2,Suburban,High,1
136.0,3.45,57.0,Suburban,High,0
164.0,1.39,21.2,Suburban,Low,0
224.0,1.92,10.5,Suburban,Low,0
233.0,1.51,62.7,Rural,Moderate,0
171.0,0.81,17.4,Suburban,Moderate,1
151.0,4.22,,Urban,High,1
,1.65,10.2,Rural,Moderate,0
95.0,2.63,40.3,Suburban,Low,0
232.0,0.69,45.2,Urban,Moderate,0
179.0,3.65,54.6,Suburban,Moderate,0
112.0,1.99,,Rural,High,1
51.0,3.85,59.7,Rural,Low,1
,2.36,21.9,Urban,High,1
294.0,1.38,,Rural,Low,1
112.0,2.81,50.0,Urban,Low,0
100.0,1.09,50.9,Suburban,High,1
112.0,2.48,24.7,Rural,Moderate,1
80.0,1.93,15.2,Suburban,High,0
186.0,4.6,42.5,Suburban,Moderate,1
112.0,0.77,53.1,Rural,High,1
,3.62,16.7,Suburban,High,1
129.0,1.32,76.5,Urban,Moderate,0
219.0,1.94,78.6,Urban,Moderate,0
53.0,2.37,,Urban,Moderate,0
223.0,4.59,76.5,Rural,High,0
224.0,1.59,22.6,Suburban,Moderate,1
125.0,0.91,11.8,Suburban,Moderate,1
129.0,1.93,12.8,Suburban,Moderate,0
52.0,0.97,51.1,Suburban,Low,0
171.0,1.08,14.3,Urban,Moderate,0
217.0,3.08,77.1,Rural,Moderate,1
159.0,0.77,19.9,Urban,Moderate,1
197.0,0.64,31.3,Urban,Low,0
246.0,3.71,67.6,Rural,Low,0
202.0,2.13,25.3,Rural,Moderate,0
183.0,1.06,27.0,Urban,Moderate,0
122.0,1.64,55.0,Suburban,Moderate,0
254.0,3.39,29.3,Rural,Moderate,0
293.0,1.74,25.2,Rural,Low,0
279.0,2.73,27.8,Urban,Moderate,0
97.0,1.05,44.3,Suburban,Low,1
197.0,3.15,77.6,Rural,High,0
239.0,1.92,68.3,Urban,Low,1
143.0,3.32,29.9,Rural,High,0
96.0,4.14,35.4,Suburban,Low,1
200.0,3.25,42.5,Urban,Low,0
123.0,1.83,78.5,Urban,Low,0
186.0,1.65,22.1,Suburban,Moderate,1
258.0,1.97,35.0,Urban,Low,0
147.0,1.24,61.1,Suburban,Moderate,1
251.0,1.32,77.5,Urban,Low,1
146.0,4.06,20.9,Suburban,Low,1
147.0,2.23,25.9,Rural,High,0
198.0,2.46,25.8,Rural,Low,1
127.0,3.17,11.5,Rural,Moderate,0
38.0,3.15,52.3,Urban,High,1
128.0,0.8,56.9,Suburban,High,0
266.0,4.24,52.2,Suburban,Low,1
150.0,1.3,15.0,Rural,Low,1
297.0,,,Rural,High,0
98.0,3.98,24.7,Rural,Moderate,0
262.0,3.72,30.3,Suburban,Low,0
251.0,3.11,65.1,Rural,High,0
143.0,0.57,21.2,Urban,Moderate,0
111.0,2.12,13.1,Rural,Low,0
,3.22,37.6,Rural,High,0
1.0,2.24,,Suburban,High,0
253.0,,41.6,Urban,Low,0
139.0,1.89,67.9,Suburban,Moderate,1
36.0,1.82,16.9,Urban,Moderate,1
159.0,1.7,59.3,Urban,High,1
8.0,2.0,33.7,Rural,Moderate,1
232.0,3.01,31.7,Rural,High,0
98.0,3.68,75.3,Suburban,Low,1
146.0,3.48,27.4,Suburban,Moderate,1
207.0,4.13,55.0,Suburban,Low,1
130.0,4.49,29.3,Urban,High,0
151.0,4.17,45.5,Suburban,Low,0
53.0,0.59,65.0,Urban,Moderate,1
119.0,3.81,,Urban,Low,1
160.0,1.44,68.7,Urban,Moderate,1
115.0,1.1,50.8,Urban,Moderate,0
,3.37,27.4,Urban,Moderate,1
112.0,1.94,56.3,Rural,Moderate,1
103.0,0.76,59.7,Urban,Moderate,0
253.0,1.12,10.7,Urban,High,1
226.0,0.5,40.7,Rural,Low,1
111.0,4.56,69.0,Rural,High,1
98.0,0.61,44.3,Rural,Low,1
152.0,1.44,31.8,Suburban,Low,1
193.0,2.37,71.0,Suburban,Low,1
162.0,2.1,20.9,Urban,High,1
207.0,4.6,24.5,Urban,Moderate,1
168.0,0.68,58.1,Urban,Moderate,0
160.0,2.8,34.7,Urban,High,1
67.0,,59.9,Rural,Moderate,1
288.0,4.69,21.0,Suburban,Low,1
276.0,3.29,27.7,Rural,Moderate,0
134.0,4.12,21.0,Suburban,Moderate,1
194.0,0.88,76.7,Rural,Moderate,0
127.0,2.24,38.4,Urban,Low,1
32.0,2.18,33.6,Suburban,Moderate,0
175.0,4.49,11.0,Urban,Moderate,0
,1.18,20.7,Suburban,Moderate,0
237.0,1.18,39.5,Suburban,High,1
157.0,1.98,14.8,Urban,High,1
37.0,0.75,45.8,Urban,Moderate,0
229.0,1.32,41.9,Urban,High,1
50.0,4.84,63.7,Rural,High,0
263.0,2.43,56.2,Suburban,Low,1
282.0,3.34,41.2,Suburban,High,1
26.0,3.77,25.7,Suburban,High,0
225.0,2.15,60.9,Urban,Moderate,0
276.0,1.16,59.6,Suburban,Low,1
285.0,1.43,20.7,Suburban,Low,0
96.0,1.91,74.0,Urban,Low,0
283.0,3.36,14.5,Urban,High,1
146.0,2.29,13.9,Suburban,Moderate,0
,0.53,23.1,Rural,Low,1
,2.86,73.7,Urban,Low,1
,4.65,46.4,Rural,High,0
48.0,,65.2,Rural,Low,0
16.0,4.21,25.9,Rural,Moderate,0
171.0,4.08,,Rural,Low,1
219.0,1.96,35.1,Urban,Moderate,0
,3.94,67.9,Suburban,Moderate,1
45.0,1.14,11.6,Suburban,Moderate,0
5.0,3.46,27.1,Urban,High,0
,3.39,20.7,Urban,High,1
232.0,0.62,70.1,Rural,Moderate,0
36.0,4.05,42.7,Rural,Moderate,0
,4.56,38.3,Urban,Low,1
180.0,1.7,41.5,Suburban,Low,0
94.0,4.16,78.0,Rural,Low,0
98.0,0.87,69.5,Urban,High,1
187.0,3.2,59.4,Urban,Low,0
115.0,2.69,30.3,Urban,Moderate,0
190.0,,21.6,Rural,Moderate,1
252.0,4.67,74.5,Urban,High,0
160.0,4.42,39.6,Suburban,High,0
255.0,4.03,29.5,Urban,Low,0
127.0,1.73,43.0,Rural,High,1
17.0,4.6,74.2,Suburban,Moderate,0
280.0,0.94,37.1,Suburban,Moderate,1
222.0,4.34,49.4,Urban,High,0
53.0,1.98,66.2,Urban,Moderate,0
57.0,0.74,39.9,Suburban,High,0
173.0,3.51,26.3,Urban,Moderate,0
279.0,1.54,79.6,Rural,Low,0
113.0,1.6,77.0,Suburban,High,0
287.0,1.88,69.0,Urban,High,0
150.0,0.79,58.2,Suburban,High,0
126.0,1.3,30.6,Urban,Moderate,0
154.0,0.52,,Urban,Low,1
272.0,2.5,29.3,Rural,High,0
103.0,0.88,66.1,Urban,Moderate,1
298.0,3.57,74.3,Urban,High,1
245.0,1.56,52.2,Urban,Moderate,0
175.0,4.75,66.2,Rural,Low,1
38.0,4.42,65.4,Urban,Moderate,1
169.0,1.8,23.5,Urban,Moderate,1
246.0,4.02,56.8,Urban,High,1
25.0,4.11,16.5,Suburban,Moderate,0
12.0,4.94,45.5,Rural,High,1
35.0,3.19,21.4,Suburban,Moderate,0
172.0,,39.1,Rural,Low,1
19.0,3.41,,Rural,Moderate,1
263.0,3.31,79.1,Suburban,High,1
141.0,3.37,32.3,Rural,Moderate,0
142.0,1.88,47.2,Rural,Moderate,0
91.0,4.37,45.8,Suburban,Low,0
287.0,4.82,76.8,Urban,High,0
214.0,1.48,43.5,Rural,Low,1
50.0,0.9,58.9,Suburban,Moderate,0
152.0,1.38,74.5,Rural,Low,1
185.0,4.19,36.1,Suburban,Moderate,0
62.0,3.54,73.1,Urban,Moderate,1
189.0,3.36,74.2,Rural,Low,1
124.0,2.31,75.1,Urban,Low,0
149.0,3.1,28.9,Urban,Moderate,1
57.0,1.89,38.0,Suburban,Low,1
179.0,2.65,70.9,Rural,Low,1
169.0,4.07,35.1,Rural,Moderate,1
270.0,4.92,52.0,Rural,High,1
53.0,,18.3,Rural,Low,0
100.0,4.7,13.9,Rural,Low,0
263.0,2.31,38.8,Suburban,High,1
52.0,2.61,50.5,Rural,Low,1
59.0,3.68,37.5,Urban,Moderate,0
107.0,4.65,50.4,Urban,Low,0
4.0,1.14,46.1,Rural,Moderate,0
102.0,1.87,58.0,Suburban,High,1
195.0,1.13,55.5,Suburban,High,1
261.0,3.25,39.7,Rural,High,0
,,39.7,Urban,Low,0
143.0,1.97,19.9,Rural,High,0
268.0,0.82,,Rural,Low,1
123.0,2.07,51.1,Rural,Low,1
105.0,4.38,43.4,Suburban,Low,1
157.0,1.55,32.8,Suburban,High,0
146.0,3.63,60.5,Urban,High,1
144.0,3.33,15.2,Urban,Low,0
119.0,4.39,74.0,Rural,High,0
,1.1,11.4,Urban,Low,0
,4.9,77.4,Rural,High,1
57.0,,42.4,Urban,Moderate,1
228.0,4.98,38.9,Rural,High,1
116.0,4.6,28.0,Suburban,High,1
278.0,1.5,10.7,Rural,High,1
126.0,0.75,29.2,Suburban,Low,1
128.0,1.65,17.7,Suburban,Low,0
57.0,2.87,56.2,Urban,Moderate,0
121.0,1.27,32.3,Urban,Moderate,1
0.0,1.25,63.7,Suburban,Moderate,1
238.0,2.58,24.5,Rural,Low,1
289.0,0.65,73.0,Rural,Moderate,0
95.0,1.05,46.6,Urban,Moderate,1
125.0,2.37,18.0,Rural,High,0
117.0,0.78,38.1,Rural,Moderate,1
47.0,2.29,24.5,Rural,High,0
88.0,2.63,24.0,Suburban,Low,0
236.0,2.53,45.4,Suburban,Low,1
271.0,4.41,57.0,Rural,High,0
188.0,2.89,73.8,Urban,Moderate,0
191.0,,45.2,Rural,Low,0
68.0,2.35,77.6,Urban,High,0
277.0,4.18,75.9,Suburban,Low,1
246.0,4.53,70.6,Rural,Low,0
75.0,4.34,45.0,Rural,Moderate,0
153.0,3.53,19.9,Urban,Low,0
143.0,1.12,25.3,Urban,High,1
85.0,1.75,55.3,Rural,Moderate,1
184.0,0.71,39.5,Rural,High,0
284.0,4.69,20.3,Urban,High,1
,3.47,43.5,Suburban,High,1
68.0,3.86,11.2,Urban,Moderate,1
46.0,1.9,61.4,Rural,Low,1
93.0,4.31,15.2,Suburban,High,1
237.0,1.67,54.0,Suburban,Low,1
203.0,,65.5,Suburban,Low,1
217.0,2.19,19.3,Suburban,High,0
,3.07,46.3,Rural,Low,0
99.0,2.65,64.5,Suburban,Moderate,0
288.0,4.38,28.2,Urban,Moderate,1
253.0,,21.4,Urban,Low,0
221.0,2.99,33.6,Urban,Low,1
22.0,2.81,48.8,Rural,Moderate,1
249.0,1.77,50.3,Suburban,Low,0
9.0,4.2,19.2,Urban,Low,0
245.0,3.89,42.0,Urban,Low,0
99.0,3.8,28.8,Urban,Low,0
289.0,4.44,68.9,Suburban,High,1
179.0,3.75,32.0,Urban,Low,0
222.0,1.54,68.7,Suburban,Moderate,0
249.0,3.68,40.0,Suburban,High,1
146.0,1.88,60.9,Suburban,High,1
95.0,1.59,45.7,Rural,Moderate,1
256.0,,53.5,Rural,Low,1
3.0,3.85,37.7,Suburban,High,1
15.0,3.7,63.8,Suburban,High,0
279.0,1.56,39.8,Rural,Low,0
246.0,3.87,42.0,Rural,Low,1
257.0,4.63,46.2,Suburban,Moderate,0
159.0,0.99,68.2,Rural,High,1
151.0,1.55,56.2,Urban,Low,0
177.0,3.88,34.4,Suburban,Low,0
162.0,1.74,56.9,Suburban,Moderate,0
32.0,3.31,55.0,Rural,High,0
178.0,,75.2,Urban,Low,0
100.0,2.53,68.9,Rural,Moderate,1
267.0,3.83,55.3,Urban,High,0
64.0,,33.9,Urban,High,0
167.0,4.17,64.6,Suburban,High,0
42.0,,50.3,Urban,High,0
43.0,3.98,79.0,Suburban,Moderate,1
,3.52,27.3,Urban,Low,1
11.0,0.64,15.6,Suburban,High,1
94.0,2.91,14.9,Urban,High,0
252.0,0.67,54.8,Rural,Low,1
241.0,4.14,75.7,Urban,High,1
34.0,1.94,10.1,Rural,High,1
214.0,3.03,60.8,Urban,Low,1
89.0,1.76,56.0,Urban,Low,0
263.0,4.02,61.3,Suburban,High,0
92.0,4.49,34.9,Urban,Low,0
89.0,2.29,67.4,Urban,Moderate,0
114.0,4.38,13.1,Urban,Moderate,1
,1.7,62.9,Rural,High,0
195.0,2.91,28.7,Suburban,High,0
113.0,4.36,43.4,Suburban,Low,0
74.0,1.97,67.6,Urban,Low,1
216.0,4.79,29.0,Urban,High,1
276.0,1.05,23.0,Rural,High,1
248.0,0.58,57.7,Urban,Moderate,0
163.0,4.57,47.3,Suburban,Low,0
191.0,0.81,46.0,Suburban,High,0
226.0,4.96,,Rural,High,0
176.0,4.78,12.4,Rural,Low,1
98.0,1.12,38.7,Suburban,Low,0
35.0,2.92,17.5,Rural,High,1
95.0,1.33,73.4,Urban,High,1
151.0,2.43,12.9,Urban,High,0
150.0,0.78,40.2,Rural,Low,1
189.0,1.51,13.7,Suburban,High,0
223.0,2.13,16.7,Rural,High,0
36.0,2.47,56.1,Suburban,High,0
267.0,4.9,55.3,Rural,Moderate,0
182.0,4.14,12.3,Rural,Moderate,1
12.0,3.82,10.1,Rural,Low,1
278.0,2.92,15.5,Urban,High,0
216.0,4.28,63.4,Urban,High,1
285.0,2.03,50.9,Suburban,Low,1
272.0,3.69,12.7,Rural,Low,1
61.0,4.97,,Urban,Low,0
83.0,1.92,59.8,Rural,High,0
216.0,3.53,70.8,Suburban,Moderate,0
,,75.4,Urban,Low,1
18.0,4.62,32.9,Suburban,High,0
176.0,3.73,19.5,Urban,Low,0
99.0,1.78,26.6,Rural,High,0
232.0,1.97,64.3,Suburban,Low,0
75.0,0.59,78.0,Urban,High,0
264.0,3.92,42.6,Urban,Low,0
283.0,0.69,31.4,Rural,Moderate,1
205.0,4.39,40.0,Suburban,Low,0
222.0,1.03,31.3,Suburban,Low,1
51.0,1.27,28.0,Suburban,Moderate,0
143.0,2.64,51.6,Rural,Low,1
68.0,3.82,11.1,Urban,Moderate,1
98.0,1.13,28.2,Urban,High,1
24.0,2.48,56.3,Suburban,Moderate,0
52.0,2.67,12.2,Urban,Moderate,0
150.0,,15.8,Suburban,High,1
143.0,1.02,30.5,Rural,Moderate,1
56.0,4.26,71.4,Rural,Moderate,0
38.0,2.76,63.5,Rural,High,0
108.0,0.56,11.6,Suburban,Low,0
180.0,4.11,45.1,Urban,Low,1
41.0,4.91,29.2,Rural,Moderate,1
185.0,3.23,55.4,Suburban,Low,1
222.0,2.77,60.5,Suburban,Low,1
121.0,4.45,70.4,Rural,Moderate,1
132.0,4.79,43.3,Rural,High,0
,3.9,79.6,Rural,Low,1
,2.5,78.6,Urban,Moderate,1
220.0,3.16,71.8,Urban,High,0
234.0,3.65,50.2,Suburban,Low,0
145.0,1.37,37.9,Rural,High,0
238.0,2.51,35.5,Rural,Moderate,1
75.0,4.23,10.8,Urban,High,0
8.0,3.45,27.4,Rural,High,1
73.0,2.35,60.3,Suburban,Moderate,0
,3.49,52.3,Rural,Low,1
229.0,1.03,74.1,Urban,Low,1
6.0,2.31,13.5,Suburban,High,0
173.0,4.07,20.9,Suburban,High,1
,1.49,65.2,Rural,High,0
167.0,1.34,35.1,Suburban,High,1
169.0,4.78,18.3,Rural,Low,1
282.0,,79.8,Rural,Moderate,1
121.0,1.67,65.1,Urban,Moderate,0
193.0,4.86,38.6,Suburban,Moderate,1
4.0,3.81,67.6,Rural,High,0
28.0,3.65,57.6,Rural,High,1
164.0,4.34,65.3,Rural,Moderate,1
135.0,1.02,67.1,Suburban,Low,0
144.0,3.68,15.9,Suburban,Moderate,0
216.0,2.77,53.6,Suburban,Low,1
131.0,4.23,10.5,Rural,High,1
291.0,2.79,,Suburban,Moderate,1
69.0,3.29,73.3,Rural,Moderate,1
251.0,2.65,46.9,Suburban,High,1
274.0,2.65,61.5,Suburban,Low,1
181.0,3.96,68.7,Rural,Moderate,0
166.0,3.33,76.5,Suburban,Moderate,1
90.0,3.35,70.9,Rural,Low,0
201.0,2.53,43.8,Suburban,Moderate,1
18.0,2.89,33.5,Suburban,Moderate,1
38.0,3.86,20.8,Suburban,High,0
125.0,4.22,38.0,Suburban,Low,1
172.0,3.63,35.7,Urban,Moderate,1
140.0,4.66,49.2,Rural,Moderate,0
241.0,4.19,56.6,Urban,High,1
219.0,3.03,78.5,Suburban,Moderate,0
125.0,3.52,61.0,Suburban,High,1
57.0,4.67,55.1,Rural,Moderate,1
147.0,3.29,33.5,Rural,High,0
0.0,4.21,12.4,Rural,Low,0
189.0,3.6,30.2,Rural,Low,1
190.0,2.98,63.8,Suburban,Moderate,0
116.0,1.59,24.4,Rural,Moderate,0
133.0,,59.9,Urban,High,0
57.0,4.85,50.6,Rural,High,1
43.0,3.46,22.0,Rural,Low,0
172.0,3.04,28.3,Urban,Moderate,0
159.0,4.7,44.7,Urban,High,0
172.0,3.14,39.3,Urban,Low,0
148.0,2.87,64.5,Urban,Low,0
79.0,3.92,61.4,Rural,High,1
212.0,3.71,50.2,Urban,Moderate,1
202.0,1.37,67.6,Suburban,Low,1
251.0,2.62,49.4,Rural,High,1
228.0,2.63,77.5,Suburban,Low,1
163.0,2.2,25.2,Rural,Moderate,0
226.0,2.83,60.0,Rural,High,0
146.0,2.36,35.9,Suburban,Moderate,1
19.0,1.4,29.5,Urban,Moderate,0
46.0,2.36,22.6,Urban,Low,0
232.0,0.83,48.7,Suburban,Moderate,0
13.0,3.09,25.1,Urban,Low,1
142.0,4.34,24.0,Rural,High,0
0.0,3.76,79.3,Rural,High,0
53.0,2.12,66.1,Rural,Low,1
258.0,0.89,62.4,Urban,Low,1
143.0,1.41,,Urban,Low,0
11.0,2.95,77.8,Suburban,Moderate,0
223.0,1.43,50.1,Rural,High,1
271.0,2.95,25.4,Suburban,High,1
155.0,1.54,70.4,Urban,Moderate,0
7.0,4.32,62.0,Suburban,Low,0
,2.29,39.0,Urban,High,1
163.0,1.6,43.1,Rural,Moderate,0
89.0,4.16,38.8,Rural,Low,1
135.0,2.04,75.1,Urban,High,1
185.0,1.0,34.0,Urban,Low,1
177.0,,77.4,Urban,Moderate,0
27.0,3.12,73.7,Rural,High,0
219.0,3.72,54.1,Urban,Low,1
40.0,1.58,50.6,Rural,Low,1
227.0,2.5,35.9,Suburban,Low,1
191.0,1.77,11.3,Rural,Moderate,1
144.0,0.86,18.9,Suburban,Low,0
200.0,,62.8,Rural,High,1
211.0,3.78,43.0,Rural,High,1
219.0,1.86,20.5,Urban,Low,1
239.0,3.2,28.5,Rural,Moderate,0
45.0,1.41,76.3,Urban,High,1
34.0,4.51,35.7,Urban,High,1
252.0,1.02,73.5,Urban,High,1
81.0,0.52,31.3,Rural,Low,1
255.0,2.76,48.0,Urban,High,1
196.0,3.12,11.4,Suburban,Low,0
9.0,3.11,46.5,Suburban,Low,0
285.0,0.75,54.6,Rural,Low,0
241.0,1.91,26.4,Urban,Low,1
250.0,2.75,50.5,Suburban,Low,1
4.0,1.47,55.3,Rural,High,0
118.0,4.43,58.1,Rural,Low,1
288.0,0.89,64.3,Rural,Low,0
64.0,2.69,31.8,Rural,Low,1
145.0,3.61,49.7,Rural,Low,0
223.0,1.68,78.7,Urban,Low,0
238.0,3.31,72.9,Urban,Low,1
176.0,4.23,76.7,Urban,High,1
266.0,1.36,37.0,Urban,Low,0
281.0,4.63,65.1,Rural,Low,0
62.0,2.99,53.4,Rural,High,1
216.0,1.85,15.8,Suburban,High,0
282.0,2.44,67.7,Suburban,Moderate,1
176.0,1.9,57.4,Urban,High,0
97.0,3.76,23.9,Rural,High,1
104.0,4.08,15.6,Suburban,Low,1
98.0,4.25,68.6,Suburban,Moderate,1
5.0,4.94,15.5,Suburban,Low,0
196.0,4.06,16.4,Suburban,Moderate,1
132.0,3.21,,Urban,Low,1
258.0,2.03,19.4,Rural,High,1
22.0,2.95,74.0,Urban,High,0
52.0,0.68,42.9,Suburban,Moderate,1
164.0,3.85,49.8,Suburban,Low,1
201.0,2.51,75.0,Rural,Low,1
82.0,0.59,47.1,Rural,High,1
144.0,0.78,34.8,Urban,High,1
84.0,2.24,65.8,Rural,Moderate,0
77.0,3.13,41.0,Urban,High,1
0.0,,32.3,Urban,Moderate,1
,3.29,60.6,Suburban,Moderate,0
172.0,2.66,66.1,Urban,Moderate,0
204.0,3.48,65.4,Suburban,Moderate,0
259.0,1.49,78.4,Urban,High,0
287.0,1.01,65.1,Urban,Moderate,1
33.0,3.18,63.9,Rural,High,0
94.0,2.68,70.0,Rural,Moderate,1
71.0,0.62,10.0,Suburban,High,0
38.0,2.21,35.4,Rural,Moderate,0
153.0,0.98,61.6,Urban,High,1
249.0,2.89,52.0,Suburban,Low,0
161.0,2.28,22.4,Suburban,Moderate,0
117.0,,31.3,Suburban,Moderate,1
258.0,4.13,33.6,Urban,Low,0
267.0,1.85,49.7,Rural,Low,0
53.0,4.83,68.2,Suburban,Moderate,0
235.0,2.91,75.3,Urban,High,1
221.0,3.28,62.5,Rural,Moderate,1
250.0,3.56,,Rural,High,1
111.0,3.5,,Suburban,Low,1
254.0,2.8,37.3,Urban,High,1
206.0,2.43,37.5,Rural,Moderate,0
228.0,0.74,53.1,Urban,Low,1
65.0,0.6,18.7,Rural,Low,0
74.0,2.11,50.6,Suburban,Moderate,1
102.0,2.0,56.6,Suburban,Moderate,0
191.0,2.24,40.7,Rural,Low,1
251.0,1.12,76.7,Urban,High,1
225.0,3.82,52.6,Rural,High,0
293.0,4.36,,Urban,High,0
97.0,4.72,43.5,Rural,Moderate,0
285.0,2.72,57.3,Suburban,Low,0
248.0,3.65,32.7,Urban,High,1
165.0,4.35,15.6,Suburban,Low,0
29.0,2.38,50.8,Urban,High,0
246.0,1.89,76.4,Rural,Low,1
105.0,4.72,44.0,Suburban,Moderate,0
,2.82,73.4,Suburban,Moderate,0
80.0,2.74,68.5,Urban,Moderate,0
132.0,1.3,20.3,Urban,High,1
284.0,0.99,59.6,Urban,Moderate,0
137.0,,40.5,Suburban,Moderate,1
183.0,3.26,27.5,Rural,Moderate,0
272.0,1.97,58.1,Urban,Low,1
68.0,1.36,62.0,Rural,Low,1
33.0,3.0,22.6,Urban,Low,0
261.0,3.13,74.0,Rural,Low,0
52.0,1.43,62.6,Urban,Low,0
204.0,4.33,75.3,Rural,Low,0
125.0,0.88,32.2,Suburban,Low,0
234.0,2.1,75.8,Urban,Moderate,0
42.0,3.56,35.8,Urban,Moderate,1
239.0,1.73,13.8,Suburban,High,1
110.0,4.22,63.4,Urban,Moderate,0
248.0,3.83,59.2,Urban,Low,1
150.0,4.05,51.9,Suburban,Low,0
182.0,1.04,44.3,Suburban,High,0
94.0,1.13,12.3,Rural,Moderate,1
7.0,,53.7,Suburban,Moderate,0
183.0,2.83,39.2,Suburban,High,1
280.0,3.87,49.2,Urban,Low,0
,4.26,40.1,Suburban,Low,1
194.0,3.67,77.6,Urban,Low,0
154.0,4.68,,Suburban,Low,1
92.0,,62.4,Suburban,High,1
159.0,1.88,75.5,Rural,Moderate,0
60.0,1.69,51.4,Suburban,Low,0
121.0,3.63,10.8,Suburban,Moderate,1
50.0,1.37,12.4,Urban,Moderate,0
276.0,0.92,59.2,Urban,Low,0
4.0,2.9,29.5,Rural,Low,0
,4.2,50.6,Suburban,Low,0
169.0,0.96,24.2,Urban,Moderate,0
21.0,4.06,28.9,Suburban,High,0
0.0,4.15,45.3,Rural,Low,1
132.0,2.67,78.3,Urban,Moderate,1
,0.76,53.1,Urban,Moderate,0
11.0,1.29,75.5,Rural,Low,1
45.0,3.68,77.2,Suburban,High,0
33.0,3.7,24.6,Urban,Low,1
77.0,4.54,31.8,Urban,Low,0
217.0,3.12,63.9,Rural,High,0
72.0,1.06,70.7,Rural,Low,0
281.0,1.05,46.3,Rural,Low,1
248.0,3.75,79.5,Suburban,High,0
46.0,1.33,10.8,Suburban,Moderate,0
120.0,1.98,31.0,Suburban,Moderate,1
213.0,2.69,53.6,Rural,Moderate,1
238.0,0.61,42.9,Urban,Moderate,0
55.0,1.62,,Suburban,Moderate,1
106.0,2.34,35.7,Rural,Low,1
,1.76,11.8,Suburban,High,0
60.0,1.11,55.0,Urban,Moderate,0
25.0,3.78,72.5,Urban,High,0
291.0,4.16,71.9,Rural,Moderate,0
256.0,,59.0,Urban,Low,1
7.0,3.98,42.6,Rural,Moderate,0
112.0,2.23,45.8,Rural,Moderate,0
252.0,2.78,19.6,Rural,High,0
179.0,4.35,33.9,Rural,High,1
,3.87,23.1,Urban,Low,0
126.0,4.12,67.5,Urban,High,0
55.0,1.12,74.0,Urban,High,0
213.0,0.81,47.6,Urban,High,1
13.0,4.52,60.9,Rural,Low,0
27.0,2.25,18.5,Rural,Low,0
77.0,1.8,52.6,Urban,Low,0
215.0,3.76,59.2,Suburban,High,0
153.0,4.26,41.7,Suburban,High,1
13.0,4.38,27.0,Suburban,Low,1
186.0,1.92,71.4,Urban,High,0
6.0,4.33,62.0,Rural,High,1
2.0,0.68,73.0,Rural,Moderate,1
110.0,0.72,67.3,Suburban,Low,0
237.0,3.31,79.3,Suburban,Low,0
238.0,0.78,23.5,Rural,High,1
273.0,1.96,16.1,Suburban,High,0
293.0,3.53,33.6,Suburban,Moderate,0
226.0,2.02,19.0,Rural,Low,0
14.0,1.31,46.6,Suburban,Low,0
191.0,,54.3,Suburban,High,1
118.0,2.56,50.5,Urban,Low,0
27.0,2.64,28.1,Suburban,High,1
201.0,4.02,73.6,Urban,Moderate,0
38.0,3.88,11.5,Rural,High,0
272.0,2.56,34.4,Urban,Moderate,1
230.0,4.31,60.3,Rural,High,1
85.0,1.01,63.7,Urban,Moderate,1
125.0,1.65,39.1,Urban,Moderate,1
299.0,4.23,11.2,Urban,Low,0
24.0,2.2,53.3,Suburban,High,0
144.0,4.92,14.4,Suburban,Low,1
12.0,2.6,17.5,Suburban,Low,0
211.0,4.06,55.5,Suburban,High,0
24.0,2.31,31.9,Suburban,Low,0
67.0,2.41,34.4,Urban,Low,1
66.0,2.22,44.1,Suburban,Low,1
232.0,3.74,,Rural,High,1
108.0,2.96,77.6,Urban,Low,1
145.0,4.75,39.1,Urban,Low,1
,1.63,28.6,Rural,Low,1
227.0,,31.2,Suburban,High,1
110.0,2.27,28.8,Rural,Moderate,0
33.0,3.28,47.3,Urban,Moderate,0
110.0,,52.5,Urban,Moderate,1
263.0,,44.2,Urban,Moderate,0
235.0,3.44,38.6,Rural,Low,0
82.0,2.08,24.8,Suburban,High,1
41.0,3.28,43.8,Urban,Low,0
100.0,4.48,33.9,Suburban,High,0
5.0,,47.9,Urban,Low,1
179.0,2.32,57.3,Suburban,Moderate,1
281.0,4.97,54.3,Rural,Moderate,0
225.0,4.41,42.4,Urban,High,1
228.0,3.04,48.9,Urban,Low,1
288.0,2.82,29.9,Urban,Moderate,0
149.0,1.78,11.7,Rural,High,1
276.0,2.83,53.8,Rural,Low,0
197.0,4.32,27.7,Suburban,High,1
69.0,3.58,56.8,Rural,Low,0
111.0,1.81,62.3,Urban,Low,1
,1.41,74.1,Suburban,Low,0
94.0,1.69,77.1,Rural,High,1
151.0,1.26,10.7,Suburban,High,0
136.0,0.93,79.3,Suburban,Low,1
246.0,2.39,57.8,Suburban,Moderate,0
242.0,1.01,55.0,Urban,Low,1
30.0,1.27,11.1,Urban,High,0
39.0,2.96,,Rural,Low,0
228.0,1.24,20.2,Urban,High,1
35.0,0.79,68.6,Suburban,Low,1
222.0,1.93,11.1,Suburban,Low,0
5.0,1.49,55.2,Urban,Moderate,1
219.0,2.82,40.4,Suburban,Moderate,0
74.0,0.96,24.1,Urban,High,0
3.0,3.88,17.5,Suburban,Low,0
133.0,4.58,40.8,Rural,High,0
117.0,,18.6,Rural,Low,0
93.0,2.9,44.1,Urban,Low,0
61.0,4.37,53.8,Urban,Low,1
193.0,3.63,67.9,Urban,Moderate,0
,0.55,57.5,Urban,High,0
25.0,2.27,14.6,Urban,Low,0
172.0,4.33,31.5,Suburban,Low,0
299.0,,30.2,Rural,High,0
132.0,0.66,74.1,Suburban,High,1
117.0,3.86,70.7,Rural,Low,1
274.0,4.11,35.9,Suburban,Moderate,0
211.0,1.22,15.0,Suburban,Moderate,0
224.0,2.92,72.6,Suburban,Low,0
19.0,1.36,72.2,Urban,Moderate,1
112.0,3.74,69.8,Rural,High,1
139.0,1.72,69.2,Urban,Moderate,0
46.0,1.92,43.6,Urban,High,1
0.0,4.3,22.4,Suburban,High,0
89.0,2.64,43.4,Rural,High,0
141.0,3.51,44.6,Rural,High,1
37.0,2.31,44.3,Rural,Moderate,1
292.0,1.84,47.7,Rural,High,1
138.0,3.31,28.0,Urban,Low,1
258.0,1.2,35.6,Urban,High,1
,2.18,40.4,Rural,Low,0
177.0,1.44,19.2,Urban,High,1
9.0,3.63,41.9,Rural,High,0
260.0,4.75,66.7,Urban,Moderate,1
137.0,4.98,68.0,Suburban,High,0
171.0,,38.8,Suburban,High,1
12.0,1.64,46.3,Rural,Moderate,1
167.0,2.49,12.4,Rural,Moderate,0
129.0,4.31,57.2,Urban,Low,1
83.0,1.43,38.3,Rural,Moderate,0
100.0,4.78,41.2,Rural,Low,1
272.0,2.04,71.2,Urban,High,0
264.0,4.94,42.3,Rural,Low,0
37.0,4.27,11.5,Rural,Moderate,1
93.0,4.14,25.9,Suburban,High,1
94.0,1.93,43.3,Suburban,Low,1
68.0,0.54,39.7,Suburban,Low,1
235.0,2.22,70.2,Rural,Low,1
136.0,1.86,47.9,Urban,High,0
75.0,0.67,58.3,Suburban,Low,1
34.0,2.77,42.9,Rural,Low,1
0.0,2.31,40.8,Suburban,Moderate,0
295.0,3.36,41.2,Urban,Low,0
59.0,3.3,38.8,Urban,High,1
266.0,1.04,47.7,Urban,Moderate,0
228.0,4.9,27.5,Urban,High,1
269.0,1.34,72.4,Urban,Moderate,0
,2.5,33.3,Urban,Moderate,0
290.0,2.7,20.3,Rural,Low,0
212.0,4.16,16.8,Suburban,High,1
164.0,0.95,10.9,Urban,Low,0
4.0,2.43,39.6,Suburban,Moderate,1
77.0,3.33,23.1,Suburban,Low,1
61.0,1.47,11.5,Rural,Moderate,1
131.0,3.32,46.4,Urban,Moderate,0
88.0,4.66,57.6,Urban,High,1
236.0,4.99,16.0,Rural,High,0
41.0,0.65,,Rural,High,0
88.0,1.56,62.1,Rural,High,1
295.0,1.9,79.0,Rural,Low,1
294.0,2.3,56.7,Rural,High,1
103.0,1.59,27.1,Suburban,High,1
13.0,1.42,60.2,Rural,High,1
287.0,4.8,51.9,Urban,Moderate,0
178.0,4.63,24.8,Urban,Moderate,0
124.0,,69.6,Rural,High,1
22.0,2.02,39.9,Rural,Moderate,1
62.0,2.32,77.3,Rural,Moderate,1
142.0,1.58,60.6,Rural,Low,0
152.0,3.33,55.1,Rural,Moderate,0
144.0,3.38,61.0,Urban,Low,1
224.0,4.33,43.5,Suburban,Moderate,1
103.0,3.83,45.4,Rural,High,0
103.0,2.94,69.6,Rural,Moderate,0
38.0,3.44,57.7,Rural,Moderate,1
197.0,1.73,72.8,Urban,Low,1
133.0,3.17,72.4,Urban,High,0
66.0,2.7,78.4,Suburban,Low,0
,1.1,59.0,Suburban,High,0
41.0,1.59,45.2,Suburban,High,0
14.0,,21.6,Suburban,Low,0
110.0,4.66,59.4,Urban,Moderate,1
156.0,1.54,30.4,Suburban,High,1
288.0,1.8,29.8,Rural,Moderate,0
230.0,2.16,26.7,Urban,Low,0
156.0,3.49,71.3,Urban,Low,0
37.0,1.03,70.8,Urban,Low,0
96.0,4.79,54.2,Rural,Low,1
288.0,4.4,43.1,Urban,High,1
253.0,3.1,57.0,Rural,Low,1
195.0,3.53,52.5,Suburban,Moderate,1
85.0,0.57,39.1,Urban,Moderate,0
9.0,2.03,36.6,Rural,High,0
4.0,4.08,,Urban,Low,1
122.0,0.85,51.2,Suburban,High,0
117.0,1.77,55.3,Urban,High,1
293.0,3.13,41.6,Suburban,High,0
158.0,1.65,77.8,Urban,Low,0
227.0,4.7,15.9,Rural,Moderate,1
215.0,1.09,34.3,Suburban,Moderate,0
183.0,4.09,39.3,Urban,High,0
14.0,2.79,11.2,Suburban,High,0
156.0,3.88,35.5,Suburban,Moderate,1
135.0,1.9,29.2,Rural,Moderate,0
260.0,2.82,45.4,Rural,Low,0
156.0,4.36,33.5,Rural,High,0
46.0,2.6,60.8,Rural,Low,1
172.0,2.12,45.7,Suburban,Moderate,0
129.0,2.91,19.1,Suburban,Moderate,0
94.0,3.73,62.5,Urban,Moderate,1
114.0,2.5,16.9,Urban,Moderate,0
242.0,4.72,68.7,Urban,Low,0
291.0,1.83,75.2,Rural,Moderate,0
281.0,2.64,32.6,Suburban,High,1
298.0,3.91,74.8,Suburban,Moderate,0
282.0,3.6,65.5,Urban,High,0
68.0,4.39,74.6,Urban,Moderate,1
147.0,4.99,56.6,Suburban,Low,1
10.0,2.42,26.5,Rural,High,0
253.0,1.0,72.6,Urban,Low,0
37.0,0.64,22.9,Urban,Moderate,0
133.0,3.77,24.9,Suburban,Low,1
199.0,4.43,29.0,Suburban,Moderate,0
22.0,1.49,31.3,Urban,Low,1
217.0,1.21,46.0,Urban,Low,0
140.0,0.78,59.9,Rural,High,1
103.0,4.2,,Rural,Moderate,1
209.0,1.9,,Rural,Low,1
110.0,2.31,76.8,Rural,Moderate,0
103.0,2.76,74.5,Urban,High,1
170.0,4.28,13.8,Urban,Low,1
132.0,3.43,35.2,Urban,Moderate,0
292.0,3.27,66.9,Rural,Low,1
126.0,1.29,52.8,Urban,Low,1
105.0,2.81,64.5,Suburban,Low,0
91.0,3.72,60.3,Rural,Low,1
286.0,4.88,44.8,Suburban,High,0
50.0,1.41,,Rural,High,0
28.0,0.54,50.9,Urban,Moderate,0
295.0,0.84,13.4,Rural,Moderate,1
296.0,2.19,52.3,Suburban,Low,0
213.0,4.19,66.0,Rural,Low,1
266.0,,50.9,Suburban,Low,1
256.0,2.56,,Urban,High,1
100.0,1.98,41.9,Suburban,Low,1
109.0,0.74,62.4,Urban,Moderate,0
181.0,2.53,56.7,Suburban,Low,0
,1.65,79.4,Urban,High,1
54.0,2.08,59.9,Suburban,Low,1
148.0,3.68,21.5,Urban,High,0
136.0,,76.9,Urban,High,0
201.0,1.06,56.7,Urban,High,0
116.0,4.83,14.2,Suburban,High,1
153.0,3.36,56.0,Suburban,Moderate,0
290.0,3.95,71.8,Urban,High,0
62.0,0.86,50.4,Rural,Moderate,0
243.0,0.71,34.8,Urban,Moderate,1
24.0,0.59,67.5,Rural,Low,0
89.0,1.35,64.8,Urban,Low,0
74.0,2.36,48.1,Suburban,High,0
293.0,4.71,20.8,Rural,Low,1
209.0,2.56,27.6,Suburban,High,1
16.0,1.81,61.7,Rural,Low,0
127.0,3.03,66.4,Rural,High,1
250.0,1.0,29.5,Rural,Low,1
178.0,3.24,35.8,Rural,Low,0
181.0,3.06,15.4,Suburban,Moderate,1
151.0,4.06,59.9,Rural,Low,0
24.0,4.94,10.3,Urban,Low,1
179.0,1.63,,Urban,High,1
197.0,2.79,10.3,Rural,Moderate,0
160.0,4.59,55.2,Suburban,High,0
176.0,4.03,39.2,Suburban,Low,0
284.0,2.69,30.8,Rural,High,1
62.0,4.75,73.9,Suburban,Moderate,1
149.0,0.76,23.5,Suburban,High,1
153.0,4.69,37.3,Suburban,Low,1
155.0,0.73,75.8,Rural,High,0
48.0,2.96,39.9,Urban,Low,0
83.0,4.51,48.8,Urban,Moderate,0
176.0,1.68,15.6,Urban,Moderate,0
147.0,2.63,65.3,Urban,High,0
117.0,1.96,39.6,Urban,Moderate,1
62.0,4.78,66.0,Suburban,High,1
188.0,4.21,27.8,Suburban,Low,0
48.0,3.69,39.6,Suburban,High,1
256.0,3.14,65.1,Rural,Low,1
223.0,4.19,78.2,Suburban,Moderate,1
140.0,2.27,14.2,Urban,Low,0
214.0,2.51,66.9,Suburban,Low,1
210.0,3.79,31.0,Urban,Low,0
31.0,2.11,48.6,Suburban,Low,1
157.0,0.79,30.3,Urban,Low,1
284.0,0.83,52.9,Suburban,High,0
285.0,1.02,34.8,Urban,Low,0
143.0,4.41,33.4,Urban,Low,0
18.0,2.63,,Rural,Low,0
17.0,3.71,20.3,Suburban,Low,1
256.0,2.27,74.2,Urban,Low,0
77.0,1.66,79.9,Suburban,Low,0
174.0,2.06,64.6,Urban,Moderate,1
193.0,4.07,30.1,Rural,High,1
112.0,3.31,38.2,Rural,Low,1
113.0,4.72,61.8,Rural,High,0
221.0,3.56,77.8,Rural,Moderate,0
165.0,3.07,41.9,Urban,Moderate,1
131.0,3.25,68.1,Suburban,Low,1
263.0,4.74,78.3,Rural,High,1
54.0,4.05,71.1,Rural,Low,0
,0.61,25.9,Rural,Moderate,1
287.0,2.9,10.6,Suburban,Moderate,0
265.0,3.6,44.4,Urban,High,0
161.0,3.87,47.2,Urban,Low,1
86.0,1.46,24.1,Urban,High,0
54.0,4.4,29.9,Urban,High,0
287.0,4.8,63.6,Suburban,Moderate,0
177.0,1.57,42.9,Suburban,High,0
7.0,4.47,32.2,Suburban,Moderate,0
246.0,0.94,53.6,Rural,Low,0
254.0,0.75,55.7,Suburban,High,1
53.0,1.08,63.9,Urban,High,0
248.0,0.76,21.0,Suburban,Low,1
238.0,4.3,61.9,Rural,High,0
228.0,0.77,52.0,Urban,Low,1
66.0,1.72,14.0,Suburban,Moderate,1
50.0,0.97,64.4,Urban,Moderate,1
96.0,1.83,36.8,Urban,High,0
91.0,0.91,33.1,Suburban,Moderate,0
263.0,3.51,41.4,Suburban,Moderate,0
290.0,1.1,34.2,Rural,Low,0
95.0,4.33,33.7,Suburban,Moderate,0
87.0,4.18,66.6,Suburban,Moderate,0
77.0,0.56,,Suburban,Moderate,1
287.0,4.53,,Urban,Low,0
119.0,0.63,48.8,Rural,High,0
164.0,1.58,22.8,Urban,Low,0
181.0,0.65,19.2,Suburban,High,1
222.0,2.01,51.4,Rural,High,1
6.0,2.81,54.3,Suburban,Moderate,1
262.0,4.08,13.7,Urban,Moderate,1
160.0,2.02,27.0,Urban,Low,0
150.0,3.67,65.7,Suburban,Low,0
84.0,1.34,13.5,Rural,Low,1
146.0,3.88,69.9,Urban,Moderate,1
111.0,1.56,56.1,Suburban,High,0
35.0,1.15,40.4,Suburban,Low,1
284.0,1.33,34.3,Suburban,High,1
187.0,1.32,11.3,Rural,Moderate,1
81.0,2.81,67.8,Suburban,Moderate,1
1.0,4.3,20.0,Suburban,Moderate,0
196.0,0.86,31.7,Urban,Moderate,1
10.0,3.68,49.8,Suburban,High,0
233.0,3.44,27.2,Rural,High,1
194.0,4.43,,Suburban,Low,1
118.0,1.6,66.7,Rural,High,0
19.0,2.53,42.9,Suburban,High,0
,4.67,76.4,Suburban,High,1
292.0,3.47,69.3,Suburban,Low,1
255.0,2.25,,Rural,High,1
221.0,1.09,38.0,Urban,High,0
225.0,1.68,39.6,Rural,High,1
52.0,3.12,53.8,Urban,Moderate,1
279.0,3.73,30.1,Rural,High,0
80.0,1.06,77.8,Suburban,Low,1
,3.2,52.6,Suburban,Low,1
157.0,2.98,38.0,Urban,Low,1
119.0,2.81,55.2,Urban,Low,0
58.0,3.61,37.7,Rural,Moderate,1
214.0,4.27,67.2,Rural,Low,1
127.0,1.95,49.7,Urban,Moderate,1
223.0,4.5,12.9,Urban,Moderate,1
208.0,1.22,22.4,Rural,Moderate,0
114.0,1.28,70.5,Urban,Low,1
208.0,1.7,49.4,Urban,Low,1
13.0,1.04,76.5,Urban,Moderate,1
8.0,1.54,15.1,Urban,Moderate,1
39.0,0.98,30.7,Suburban,Low,0
236.0,4.2,23.5,Suburban,High,1
280.0,1.13,48.8,Urban,High,1
200.0,3.86,36.8,Rural,High,0
245.0,0.72,21.0,Suburban,Low,1
277.0,4.77,55.0,Rural,Low,0
234.0,3.7,47.5,Rural,Moderate,1
3.0,0.53,29.2,Suburban,Low,0
153.0,3.94,43.6,Rural,Low,0
28.0,2.81,62.2,Rural,Low,1
108.0,4.01,24.4,Urban,Moderate,0
97.0,2.85,30.5,Urban,Moderate,0
214.0,3.38,34.2,Urban,High,1
292.0,4.04,62.3,Suburban,High,1
74.0,2.32,69.3,Urban,Low,1
145.0,0.51,,Rural,Low,1
127.0,4.32,30.8,Rural,Moderate,1
41.0,2.21,72.3,Rural,High,1
40.0,2.73,80.0,Rural,High,1
33.0,,56.9,Rural,High,1
16.0,2.71,79.3,Suburban,Low,1
,4.94,56.2,Rural,Low,0
152.0,1.75,61.3,Suburban,Low,0
75.0,2.28,37.2,Rural,Moderate,0
86.0,3.59,40.3,Suburban,High,0
116.0,4.17,20.1,Suburban,Moderate,0
26.0,2.38,67.6,Rural,High,0
286.0,1.89,,Rural,Low,0
133.0,4.72,53.6,Rural,Moderate,1
218.0,3.55,34.1,Rural,Moderate,0
167.0,1.04,,Urban,Low,0
97.0,0.81,28.6,Urban,High,0
267.0,2.68,27.9,Suburban,High,0
236.0,1.49,52.9,Suburban,High,0
172.0,1.64,76.2,Urban,High,1
189.0,4.45,13.4,Suburban,Low,0
121.0,0.9,10.1,Rural,Low,0
45.0,3.72,52.0,Suburban,Low,1
63.0,1.72,29.9,Suburban,Low,0
129.0,3.92,71.6,Suburban,Moderate,1
192.0,3.75,32.9,Urban,Moderate,1
180.0,0.53,30.3,Urban,Moderate,1
291.0,2.79,28.9,Suburban,Low,0
281.0,1.13,20.1,Rural,High,0
28.0,4.4,50.7,Suburban,Moderate,1
148.0,4.42,21.8,Urban,Moderate,0
266.0,2.38,39.7,Rural,Low,0
295.0,2.5,42.3,Suburban,High,1
10.0,1.86,11.4,Urban,High,1
163.0,3.72,11.2,Rural,High,0
112.0,2.11,46.4,Suburban,Low,1
,1.71,58.7,Urban,High,1
294.0,2.45,75.9,Rural,Moderate,0
231.0,0.91,22.5,Suburban,Moderate,0
226.0,3.86,17.2,Rural,Moderate,1
97.0,0.56,13.6,Rural,Low,0
54.0,3.4,40.5,Rural,High,0
110.0,1.32,53.6,Urban,Low,0
151.0,1.55,68.8,Suburban,High,0
245.0,3.36,57.8,Rural,Low,0
68.0,4.97,24.6,Rural,Moderate,0
288.0,4.0,42.3,Rural,Low,1
249.0,1.52,73.7,Urban,Low,1
35.0,1.29,32.9,Rural,Low,1
238.0,4.4,44.9,Urban,Moderate,1
147.0,2.5,77.1,Urban,Low,1
226.0,1.12,61.4,Rural,Low,0
243.0,4.38,62.3,Rural,Moderate,0
200.0,4.17,27.7,Urban,High,1
153.0,4.93,39.0,Urban,Low,0
72.0,4.59,15.8,Rural,Moderate,1
200.0,4.33,52.5,Urban,Low,0
,0.74,17.3,Urban,Moderate,1
16.0,0.97,68.5,Rural,High,0
128.0,3.06,67.0,Rural,High,1
216.0,2.89,47.4,Suburban,Low,0
60.0,2.56,19.9,Rural,Moderate,1
103.0,2.29,11.8,Rural,High,0
41.0,2.44,65.8,Rural,High,0
24.0,3.06,52.0,Suburban,Moderate,1
38.0,0.51,59.8,Urban,Low,1
290.0,1.67,31.3,Rural,High,1
130.0,2.83,45.7,Rural,High,1
228.0,3.75,62.3,Suburban,High,1
107.0,1.28,42.4,Suburban,Low,1
171.0,2.96,52.1,Suburban,High,1
101.0,3.72,65.3,Urban,Moderate,1
11.0,2.5,25.1,Suburban,Low,0
274.0,0.62,14.6,Urban,High,0
100.0,2.52,,Rural,Moderate,0
43.0,1.83,14.3,Rural,Moderate,0
16.0,4.68,63.7,Rural,Low,1
56.0,1.06,,Suburban,Moderate,0
11.0,3.44,,Rural,Low,0
79.0,0.74,54.8,Suburban,Low,1
215.0,2.51,14.7,Urban,Low,0
263.0,2.99,27.7,Rural,Moderate,1
148.0,1.84,66.6,Urban,Low,0
80.0,2.55,21.7,Suburban,Low,0
214.0,1.24,58.9,Suburban,Moderate,1
197.0,1.87,64.6,Rural,Low,1
199.0,3.29,33.1,Rural,High,0
24.0,1.86,32.6,Suburban,Moderate,0
88.0,4.55,49.0,Rural,Moderate,0
267.0,3.33,70.3,Rural,Moderate,1
142.0,2.47,25.7,Urban,High,1
58.0,0.67,75.9,Suburban,Low,1
25.0,2.75,51.9,Urban,Moderate,1
46.0,3.94,79.4,Rural,Moderate,1
287.0,1.7,16.3,Urban,Moderate,1
265.0,4.13,18.9,Suburban,High,0
15.0,,67.9,Urban,High,1
198.0,4.21,,Urban,High,1
281.0,0.88,41.2,Rural,Low,0
85.0,4.4,60.0,Suburban,Low,0
249.0,2.75,70.7,Rural,High,1
269.0,1.83,13.0,Rural,Low,1
116.0,1.69,50.2,Suburban,High,1
,2.44,69.7,Urban,Low,1
136.0,5.0,37.9,Rural,Low,0
175.0,1.49,31.2,Urban,High,0
214.0,0.96,65.7,Suburban,Moderate,0
81.0,3.13,33.5,Rural,Moderate,1
222.0,2.7,10.2,Urban,Low,0
102.0,2.86,77.2,Urban,Low,1
272.0,3.5,51.4,Rural,Low,0
13.0,1.7,67.4,Suburban,Low,1
158.0,4.6,67.8,Urban,Low,1
151.0,2.46,14.6,Suburban,Low,0
107.0,1.08,22.0,Rural,High,0
187.0,3.84,31.8,Urban,Moderate,1
97.0,3.39,32.4,Urban,Moderate,0
130.0,1.92,56.1,Urban,High,1
292.0,3.3,53.6,Suburban,High,1
170.0,1.49,44.6,Urban,Moderate,0
182.0,2.5,24.8,Urban,Moderate,0
38.0,4.55,36.7,Rural,Low,1
14.0,1.1,48.1,Urban,Moderate,1
3.0,2.24,42.8,Suburban,Low,1
209.0,4.2,18.9,Rural,Low,1
160.0,4.86,55.5,Rural,Moderate,1
15.0,2.54,15.1,Urban,Low,1
107.0,2.78,36.5,Rural,Low,0
226.0,3.07,59.7,Urban,High,0
169.0,4.7,11.4,Rural,Moderate,0
33.0,4.36,49.9,Suburban,High,1
250.0,1.27,33.4,Urban,Low,1
246.0,2.47,10.6,Suburban,Low,0
268.0,2.59,23.3,Urban,High,0
140.0,4.05,75.9,Suburban,High,0
273.0,3.21,,Suburban,High,1
95.0,3.44,79.8,Rural,Low,1
226.0,4.99,46.7,Urban,Moderate,1
38.0,0.84,48.1,Rural,Low,0
28.0,1.5,37.4,Suburban,High,0
244.0,2.34,31.7,Urban,Moderate,0
235.0,2.07,27.6,Suburban,High,1
184.0,0.6,34.0,Suburban,Low,0
271.0,0.91,42.2,Suburban,Moderate,0
235.0,3.56,23.4,Suburban,Moderate,1
238.0,4.46,25.7,Rural,Low,1
265.0,2.81,29.0,Suburban,High,0
64.0,2.93,41.4,Rural,High,1
176.0,1.65,55.7,Suburban,High,0
2.0,3.96,69.9,Urban,Low,1
141.0,3.88,30.1,Suburban,High,1
157.0,3.15,22.9,Suburban,Moderate,1
145.0,1.46,36.5,Urban,High,1
292.0,0.94,72.6,Urban,High,1
152.0,0.79,10.7,Suburban,Moderate,1
192.0,3.17,57.5,Suburban,Moderate,0
72.0,4.21,43.4,Rural,High,0
139.0,4.36,21.3,Urban,Moderate,0
186.0,2.59,32.5,Urban,Low,1
292.0,4.03,25.7,Rural,Moderate,1
60.0,4.76,71.4,Suburban,Low,0
197.0,1.74,43.7,Suburban,Moderate,0
294.0,2.29,49.4,Urban,Low,0
10.0,4.69,51.6,Rural,Low,1
61.0,2.02,54.8,Suburban,High,0
225.0,4.61,44.7,Urban,Moderate,0
152.0,,11.3,Suburban,Moderate,0
198.0,3.48,33.4,Suburban,Moderate,0
51.0,4.18,22.9,Suburban,Low,1
259.0,3.87,57.6,Urban,High,0
58.0,3.65,14.0,Rural,Moderate,0
71.0,1.88,49.5,Rural,High,1
147.0,0.76,24.7,Suburban,High,1
62.0,2.04,76.4,Rural,Low,1
242.0,3.5,33.5,Suburban,Moderate,1
106.0,0.96,32.8,Urban,High,1
225.0,0.55,74.6,Urban,Moderate,0
217.0,1.13,39.2,Urban,Moderate,0
240.0,3.72,77.4,Suburban,Moderate,0
258.0,4.88,11.7,Rural,High,1
261.0,4.92,31.4,Urban,Low,0
4.0,2.72,56.6,Suburban,Low,1
260.0,4.41,72.4,Rural,High,1
53.0,3.82,27.9,Rural,Moderate,0
46.0,2.75,75.1,Rural,Moderate,1
214.0,3.08,51.6,Suburban,Low,0
176.0,1.12,66.1,Suburban,High,1
8.0,4.72,37.8,Suburban,High,0
98.0,2.08,24.9,Urban,Low,1
19.0,2.51,73.8,Suburban,High,1
240.0,3.52,75.3,Urban,High,1
60.0,2.0,44.8,Urban,Low,0
177.0,1.64,10.5,Urban,Low,1
61.0,3.34,17.7,Suburban,High,0
144.0,0.61,50.1,Urban,High,1
215.0,3.74,11.7,Suburban,Low,0
2.0,2.81,37.8,Suburban,Low,1
159.0,3.23,31.2,Urban,Moderate,0
226.0,3.34,60.0,Urban,High,1
268.0,2.87,,Urban,High,1
119.0,3.12,44.2,Suburban,Low,1
88.0,3.58,50.5,Suburban,Low,0
67.0,3.89,53.2,Urban,Moderate,1
97.0,3.77,38.4,Urban,Moderate,1
,4.41,31.3,Rural,Low,1
104.0,1.35,57.8,Urban,High,0
122.0,2.31,69.3,Rural,Moderate,1
28.0,4.77,58.6,Rural,Low,0
136.0,2.28,75.2,Suburban,Low,0
194.0,1.06,60.2,Suburban,Low,1
225.0,2.86,63.5,Rural,High,1
169.0,0.99,21.8,Rural,Low,0
8.0,,39.4,Urban,Low,0
39.0,4.99,44.0,Rural,High,1
24.0,,27.9,Urban,Low,0
260.0,1.78,47.0,Suburban,Low,0
225.0,4.98,30.4,Urban,Moderate,1
123.0,,58.1,Suburban,Low,1
37.0,2.48,42.9,Rural,High,0
250.0,1.67,42.1,Rural,Moderate,0
175.0,4.27,78.9,Rural,Low,1
89.0,3.72,37.5,Urban,High,0
,3.59,35.4,Suburban,Low,0
175.0,4.52,32.3,Suburban,Moderate,1
283.0,3.6,72.6,Suburban,High,0
80.0,1.78,44.8,Suburban,Moderate,0
113.0,3.62,52.0,Suburban,High,0
39.0,1.88,22.7,Urban,High,0
223.0,3.92,47.9,Suburban,Low,1
114.0,3.29,29.2,Rural,High,0
185.0,0.85,61.1,Suburban,High,0
55.0,2.81,68.3,Rural,Low,1
39.0,2.04,60.0,Urban,High,0
39.0,1.98,61.1,Urban,High,0
236.0,3.21,45.9,Rural,High,1
288.0,1.95,59.8,Suburban,High,0
261.0,4.0,39.6,Urban,Low,0
215.0,0.82,55.6,Urban,Low,0
146.0,3.47,28.1,Urban,Moderate,0
167.0,4.14,14.9,Suburban,High,0
91.0,3.53,38.9,Rural,Low,0
58.0,2.74,42.3,Rural,High,0
58.0,4.78,27.9,Suburban,Low,1
168.0,1.85,60.9,Urban,Moderate,1
268.0,0.59,15.1,Suburban,High,1
44.0,2.44,25.6,Suburban,Moderate,0
180.0,0.65,62.4,Rural,Moderate,1
,4.79,40.6,Suburban,Moderate,1
190.0,1.44,59.4,Suburban,Low,1
154.0,4.05,49.7,Urban,High,1
187.0,3.99,76.5,Urban,Low,0
6.0,1.48,51.8,Rural,Low,0
132.0,3.3,11.0,Urban,High,0
234.0,0.72,34.7,Suburban,High,1
44.0,2.68,20.0,Suburban,High,0
248.0,0.57,74.7,Suburban,High,1
30.0,4.65,17.3,Rural,Low,0
22.0,4.89,37.1,Urban,High,0
159.0,1.5,25.8,Suburban,High,1
157.0,1.44,69.3,Urban,High,1
38.0,3.89,31.6,Urban,Moderate,0
81.0,1.64,79.4,Urban,High,0
257.0,4.53,,Urban,High,0
205.0,3.08,19.0,Rural,Low,1
,2.08,25.7,Rural,Moderate,1
11.0,4.25,66.8,Rural,Low,1
294.0,2.72,71.5,Suburban,Moderate,1
223.0,4.6,15.0,Suburban,Low,0
12.0,4.68,12.3,Suburban,Low,1
45.0,1.24,62.1,Rural,High,1
,0.51,,Urban,High,1
112.0,4.93,19.3,Rural,Moderate,0
232.0,4.58,11.6,Suburban,Moderate,0
16.0,0.75,13.5,Suburban,Moderate,1
222.0,4.25,28.5,Urban,High,1
187.0,2.56,14.6,Rural,Low,0
162.0,1.67,35.8,Urban,Moderate,0
73.0,4.45,68.3,Rural,High,1
232.0,1.39,32.8,Suburban,High,0
223.0,4.76,60.9,Urban,Low,1
59.0,1.43,16.6,Urban,Low,0
221.0,3.26,56.2,Rural,High,1
36.0,1.5,32.2,Rural,Low,1
277.0,2.96,62.5,Rural,Low,1
195.0,3.58,19.5,Suburban,High,1
241.0,1.36,72.9,Rural,Moderate,0
218.0,2.84,27.0,Suburban,Moderate,0
191.0,2.61,34.7,Rural,High,1
16.0,0.82,76.5,Rural,Moderate,0
11.0,4.18,50.5,Suburban,High,1
192.0,2.01,35.6,Rural,High,0
21.0,3.09,76.5,Suburban,Low,1
119.0,2.82,33.0,Suburban,Moderate,0
209.0,2.81,16.6,Rural,High,0
269.0,0.98,79.8,Rural,Moderate,0
191.0,2.41,28.7,Urban,Moderate,0
174.0,2.54,69.6,Rural,Moderate,1
284.0,3.8,21.6,Urban,High,1
203.0,4.28,61.2,Rural,Low,0
,2.95,46.7,Suburban,Moderate,0
250.0,0.89,78.7,Suburban,High,0
226.0,1.57,48.7,Urban,Moderate,0
6.0,1.24,,Rural,Low,1
28.0,1.06,52.3,Urban,Moderate,0
32.0,2.15,20.2,Rural,High,0
133.0,,65.9,Rural,Moderate,0
78.0,1.48,70.0,Suburban,Moderate,0
57.0,0.75,43.7,Urban,Moderate,0
25.0,0.58,64.8,Suburban,Low,0
225.0,,20.2,Suburban,Moderate,0
284.0,1.27,44.4,Suburban,High,0
3.0,,37.6,Urban,Moderate,1
98.0,2.8,52.8,Rural,Moderate,0
38.0,1.13,13.1,Rural,Moderate,0
270.0,2.41,62.6,Urban,Low,0
284.0,2.04,15.5,Rural,High,0
156.0,1.33,56.0,Urban,Moderate,1
,0.53,11.3,Urban,High,0
287.0,2.6,68.2,Rural,High,1
,3.59,22.2,Suburban,Low,1
174.0,1.52,46.1,Urban,High,1
83.0,1.09,28.3,Urban,Moderate,1
21.0,4.49,60.6,Urban,Low,0
26.0,1.74,32.5,Urban,Low,1
194.0,1.51,60.7,Rural,High,1
235.0,4.36,,Rural,Low,0
91.0,4.18,62.7,Urban,High,1
20.0,2.52,,Suburban,High,1
83.0,2.7,29.8,Rural,Low,1
261.0,1.48,44.9,Suburban,Moderate,1
146.0,0.85,13.2,Suburban,High,0
256.0,3.08,23.0,Urban,Low,1
57.0,0.94,75.4,Rural,Low,0
14.0,2.52,78.4,Urban,High,0
161.0,4.73,61.8,Urban,High,0
162.0,4.79,27.7,Suburban,High,1
280.0,1.58,28.2,Suburban,High,1
279.0,3.31,55.2,Suburban,Moderate,0
11.0,2.63,18.2,Urban,Moderate,0
273.0,4.44,76.4,Urban,Moderate,0
270.0,1.72,25.7,Urban,Moderate,0
207.0,0.52,80.0,Urban,Low,0
26.0,1.23,44.7,Urban,High,0
71.0,2.07,64.0,Urban,Low,1
59.0,1.92,10.2,Urban,Low,1
144.0,4.06,72.2,Urban,Moderate,1
92.0,3.56,28.9,Rural,Low,0
7.0,1.85,56.8,Rural,Moderate,1
78.0,,66.4,Rural,High,0
26.0,0.93,21.5,Rural,Moderate,0
173.0,4.54,41.0,Urban,High,1
49.0,4.71,44.6,Urban,Moderate,0
198.0,4.91,31.8,Suburban,Low,1
180.0,4.41,43.7,Suburban,Low,1
23.0,1.28,32.2,Rural,Moderate,1
45.0,0.71,35.3,Suburban,High,0
14.0,3.11,56.9,Rural,High,0
152.0,4.61,54.3,Urban,Moderate,0
221.0,1.3,26.3,Urban,Low,1
205.0,0.53,72.8,Suburban,High,0
,4.12,70.4,Urban,Moderate,1
235.0,0.85,45.6,Urban,High,0
227.0,2.36,40.3,Rural,Low,1
8.0,3.55,36.4,Suburban,High,1
165.0,1.57,59.5,Urban,Moderate,0
213.0,0.88,57.0,Suburban,High,0
116.0,3.97,23.7,Urban,High,1
71.0,3.34,57.0,Rural,Low,1
63.0,4.95,27.7,Urban,Low,0
204.0,2.05,11.3,Suburban,Low,1
208.0,0.78,58.9,Suburban,Low,0
71.0,3.8,55.1,Rural,Moderate,0
,2.85,38.8,Urban,High,1
273.0,1.46,46.8,Rural,High,0
94.0,4.02,76.3,Suburban,High,1
,1.42,51.7,Rural,High,0
31.0,1.67,56.1,Urban,Moderate,1
10.0,0.92,14.5,Urban,Low,0
216.0,2.3,21.6,Rural,High,0
288.0,2.39,31.1,Suburban,High,1
101.0,2.82,47.8,Suburban,Low,0
266.0,3.69,64.4,Rural,Low,1
213.0,4.58,32.5,Urban,High,1
178.0,1.12,34.9,Urban,Low,1
87.0,0.74,27.9,Urban,High,1
40.0,0.58,27.8,Urban,High,1
75.0,1.15,76.4,Suburban,High,0
45.0,3.46,54.5,Urban,High,0
159.0,3.77,20.9,Rural,High,0
79.0,4.04,60.6,Rural,High,0
85.0,1.6,60.5,Rural,Low,0
91.0,1.88,56.7,Rural,Moderate,0
147.0,2.67,19.4,Urban,Moderate,0
160.0,0.78,38.6,Suburban,High,1
201.0,3.25,17.5,Urban,Low,1
241.0,4.93,67.2,Suburban,High,1
1.0,2.12,55.9,Urban,Low,0
224.0,3.89,45.5,Suburban,High,1
288.0,2.75,34.0,Rural,High,0
232.0,1.08,22.9,Rural,Moderate,0
76.0,3.12,17.5,Suburban,Low,0
115.0,1.85,77.8,Suburban,Low,1
153.0,0.65,24.0,Suburban,Moderate,1
102.0,3.36,14.2,Rural,Moderate,1
193.0,4.37,77.3,Rural,Moderate,0
,2.05,48.4,Urban,Moderate,0
89.0,2.26,65.8,Suburban,Low,0
173.0,4.51,13.1,Suburban,Low,0
,4.16,49.7,Suburban,Moderate,1
142.0,3.72,37.9,Rural,High,1
,1.62,64.0,Suburban,High,1
122.0,4.6,12.7,Suburban,High,1
8.0,1.19,38.1,Rural,High,0
261.0,3.32,65.9,Suburban,Low,0
72.0,0.63,46.6,Urban,Low,1
222.0,3.4,48.5,Rural,Low,0
40.0,1.75,,Rural,High,0
203.0,2.52,,Rural,Moderate,1
263.0,2.05,57.4,Urban,High,1
177.0,1.28,57.3,Rural,Low,0
83.0,3.3,78.5,Rural,High,1
110.0,4.47,59.8,Rural,Moderate,1
250.0,,44.5,Rural,Moderate,1
6.0,1.37,70.0,Urban,High,1
83.0,,17.3,Suburban,Low,1
207.0,3.49,41.5,Suburban,Low,1
21.0,2.05,30.1,Rural,Low,1
2.0,0.59,17.3,Urban,High,1
126.0,3.6,63.4,Rural,Low,1
296.0,4.75,45.8,Suburban,High,0
,3.34,49.0,Suburban,Low,1
13.0,2.46,38.8,Urban,Moderate,1
11.0,2.86,42.2,Suburban,Moderate,1
86.0,1.4,18.1,Rural,Low,0
11.0,3.88,57.1,Urban,High,1
24.0,3.86,40.3,Suburban,Low,1
242.0,1.15,67.2,Rural,High,0
121.0,4.45,23.7,Urban,Moderate,0
146.0,1.71,,Rural,High,1
54.0,4.92,55.2,Suburban,Low,0
237.0,2.22,69.2,Rural,Moderate,0
172.0,1.3,43.1,Urban,High,0
220.0,2.08,60.9,Rural,High,0
118.0,2.48,80.0,Suburban,Moderate,0
182.0,0.81,79.3,Urban,Low,1
287.0,3.1,62.1,Urban,Moderate,0
299.0,,61.8,Suburban,Low,1
81.0,3.83,27.3,Rural,Low,1
210.0,0.63,68.3,Rural,High,1
149.0,2.94,38.4,Suburban,Low,0
36.0,0.74,77.3,Urban,Low,1
58.0,3.66,15.7,Suburban,Moderate,0
130.0,0.75,40.5,Urban,Moderate,1
201.0,4.6,48.9,Urban,Low,1
242.0,3.66,38.4,Rural,High,1
34.0,2.78,24.7,Suburban,Moderate,0
92.0,2.49,51.5,Urban,High,1
206.0,1.09,62.9,Rural,Moderate,0
212.0,1.81,55.1,Suburban,Moderate,0
158.0,4.41,26.4,Suburban,Low,0
23.0,4.57,61.2,Urban,Moderate,1
292.0,0.5,28.0,Urban,Moderate,1
3.0,3.17,22.3,Urban,High,1
219.0,3.74,58.3,Suburban,Moderate,1
19.0,3.28,69.0,Urban,Moderate,0
,0.87,43.7,Suburban,High,1
49.0,1.48,47.2,Rural,Low,0
176.0,1.63,31.2,Suburban,Low,0
95.0,4.24,44.6,Urban,Moderate,1
104.0,2.58,19.2,Suburban,Moderate,1
249.0,2.69,76.9,Urban,High,0
116.0,4.71,66.0,Rural,Low,0
227.0,3.37,56.8,Urban,Low,1
65.0,4.54,47.7,Urban,Low,1
261.0,2.55,65.5,Urban,High,1
294.0,1.17,44.6,Urban,High,0
242.0,4.68,31.0,Urban,High,0
185.0,2.56,21.2,Urban,Moderate,1
245.0,1.32,55.3,Rural,Low,0
124.0,1.86,75.1,Rural,Moderate,0
267.0,0.73,20.8,Suburban,Moderate,0
130.0,2.61,22.6,Urban,High,0
236.0,4.34,40.4,Suburban,Low,1
17.0,4.7,66.5,Rural,Moderate,0
39.0,4.7,30.6,Rural,Low,1
20.0,1.06,27.8,Urban,Moderate,1
224.0,2.22,53.4,Urban,High,0
281.0,0.63,47.5,Suburban,Moderate,1
7.0,4.35,14.2,Rural,High,1
99.0,2.11,,Suburban,Low,1
239.0,3.34,55.0,Suburban,Moderate,0
86.0,3.72,42.6,Suburban,Moderate,1
297.0,2.43,78.0,Urban,High,0
13.0,1.88,57.5,Rural,High,1
1.0,4.83,10.7,Suburban,Low,1
292.0,4.84,43.7,Rural,High,1
40.0,1.8,39.0,Rural,Low,1
110.0,2.66,17.5,Suburban,Moderate,0
13.0,4.88,74.6,Suburban,Low,1
230.0,0.52,66.4,Urban,Low,1
83.0,2.36,26.1,Rural,Low,1
129.0,0.95,27.9,Suburban,Moderate,0
230.0,2.79,12.2,Suburban,Moderate,0
144.0,0.61,30.8,Rural,High,1
27.0,2.33,50.9,Suburban,Low,1
65.0,1.49,,Rural,Moderate,1
162.0,2.9,77.8,Suburban,Low,1
228.0,4.98,13.9,Rural,Low,0
260.0,4.1,51.4,Suburban,Low,0
163.0,4.31,70.1,Suburban,Moderate,0
286.0,,43.7,Urban,Low,1
9.0,0.69,10.2,Rural,Low,1
194.0,1.43,27.0,Urban,High,1
117.0,4.66,32.7,Suburban,Low,1
269.0,2.15,77.6,Rural,High,0
,0.97,,Rural,Low,0
92.0,3.66,76.4,Suburban,High,0
265.0,1.85,67.8,Suburban,Moderate,1
256.0,,34.6,Suburban,Moderate,1
132.0,4.99,73.4,Suburban,Low,1
275.0,4.36,,Rural,High,1
263.0,2.34,34.5,Urban,Moderate,1
170.0,,28.2,Rural,Low,0
0.0,3.43,48.3,Rural,Low,1
63.0,3.84,23.1,Rural,High,1
283.0,0.64,12.3,Rural,High,0
120.0,1.05,76.2,Suburban,Low,0
106.0,3.35,74.8,Urban,High,1
174.0,4.55,21.4,Rural,High,0
203.0,3.31,38.5,Rural,Moderate,1
164.0,1.1,68.2,Urban,High,1
119.0,1.02,56.3,Suburban,Low,0
43.0,4.3,37.6,Rural,High,1
155.0,1.13,62.1,Suburban,Low,1
206.0,2.84,72.8,Rural,Low,1
107.0,0.67,74.8,Rural,High,0
250.0,0.86,36.5,Urban,High,0
129.0,3.53,22.1,Urban,High,0
292.0,3.6,73.9,Suburban,Moderate,0
19.0,2.04,16.5,Rural,Moderate,1
281.0,1.47,,Suburban,High,0
284.0,4.16,19.8,Urban,Low,1
0.0,1.48,37.3,Urban,High,0
118.0,2.94,38.8,Urban,Moderate,0
34.0,4.86,21.1,Urban,Moderate,1
197.0,1.17,74.6,Urban,High,0
244.0,4.73,10.2,Suburban,Low,0
58.0,1.32,72.6,Suburban,Low,1
160.0,3.05,71.9,Urban,Moderate,0
178.0,2.2,32.2,Rural,Moderate,1
205.0,4.84,59.3,Rural,Moderate,0
11.0,1.73,27.7,Rural,Low,1
275.0,2.3,63.1,Rural,Moderate,0
180.0,4.92,49.3,Rural,Moderate,1
241.0,2.91,31.0,Urban,Low,0
215.0,2.76,38.0,Suburban,Moderate,1
250.0,1.66,58.3,Urban,Moderate,0
298.0,3.66,73.4,Rural,High,0
125.0,,19.2,Rural,Moderate,0
,0.72,50.0,Suburban,High,1
284.0,3.2,27.8,Urban,Moderate,1
184.0,2.04,66.1,Suburban,Moderate,0
38.0,4.79,14.9,Rural,High,0
222.0,4.56,58.2,Rural,Moderate,0
183.0,3.71,22.2,Suburban,High,0
177.0,4.18,,Rural,Moderate,0
293.0,3.5,68.5,Urban,High,0
150.0,1.07,62.9,Rural,High,0
125.0,3.94,62.7,Rural,Moderate,0
233.0,1.45,,Urban,Moderate,0
7.0,1.96,72.4,Rural,High,0
128.0,4.19,51.2,Suburban,Low,1
263.0,2.91,74.2,Suburban,Moderate,1
156.0,4.37,48.3,Rural,Moderate,0
4.0,,,Urban,Low,0
85.0,3.24,25.6,Urban,Low,0
174.0,0.88,48.1,Suburban,High,1
289.0,3.39,19.8,Rural,Moderate,1
192.0,3.93,70.9,Urban,High,0
118.0,,57.3,Urban,Moderate,0
217.0,1.7,79.6,Suburban,Low,0
113.0,0.64,16.4,Suburban,High,1
144.0,1.04,26.8,Urban,Moderate,1
25.0,3.3,71.4,Suburban,Moderate,1
135.0,4.7,37.7,Urban,Low,1
231.0,1.43,42.6,Rural,Low,0
75.0,3.81,70.2,Suburban,Moderate,0
288.0,4.4,46.5,Suburban,Low,0
0.0,2.84,23.5,Rural,Low,0
146.0,3.51,72.4,Urban,High,0
286.0,4.17,12.2,Urban,Moderate,1
141.0,1.67,72.7,Suburban,High,0
52.0,1.84,13.5,Urban,Low,0
68.0,0.5,56.6,Urban,Moderate,1
89.0,,15.0,Rural,Low,0
219.0,4.63,59.4,Rural,Low,0
191.0,3.94,12.4,Rural,Moderate,0
62.0,0.86,69.0,Suburban,Low,1
72.0,2.51,42.6,Rural,High,0
160.0,0.96,16.5,Rural,Moderate,1
168.0,0.57,59.5,Urban,Low,1
,3.27,44.3,Rural,Low,1
,4.82,23.4,Suburban,Low,1
268.0,4.56,11.1,Rural,Moderate,0
72.0,3.64,39.3,Suburban,High,1
244.0,0.93,16.0,Urban,Low,0
76.0,1.73,16.6,Urban,Low,1
158.0,1.94,28.7,Rural,Low,0
,3.93,,Urban,Moderate,0
101.0,4.11,47.1,Rural,Low,0
131.0,,14.8,Urban,Low,0
101.0,2.38,77.8,Suburban,Low,0
18.0,0.7,72.1,Urban,Moderate,0
81.0,1.8,28.1,Rural,High,0
278.0,2.53,18.6,Rural,Moderate,0
128.0,1.03,76.0,Rural,High,0
88.0,2.54,42.3,Suburban,High,0
212.0,4.34,31.8,Urban,Moderate,1
142.0,3.12,44.3,Rural,Low,0
64.0,,64.1,Suburban,High,0
75.0,1.36,21.8,Suburban,Low,0
198.0,,63.7,Suburban,High,1
142.0,2.13,62.5,Urban,Low,1
92.0,2.11,47.8,Urban,Low,0
223.0,2.88,70.6,Urban,Moderate,0
290.0,3.13,19.3,Suburban,Low,1
101.0,4.09,51.7,Urban,High,0
266.0,2.03,41.5,Rural,Low,0
109.0,4.12,39.6,Suburban,Low,1
264.0,2.02,27.7,Urban,Low,1
2.0,0.75,36.1,Suburban,High,0
84.0,2.99,17.6,Suburban,High,0
281.0,3.15,27.6,Urban,High,0
116.0,4.71,29.0,Suburban,Low,1
220.0,3.77,60.4,Urban,Moderate,0
153.0,4.63,13.4,Urban,High,0
152.0,4.59,55.6,Urban,Low,1
11.0,3.22,25.5,Suburban,High,0
132.0,2.87,15.7,Suburban,Moderate,0
292.0,3.01,31.1,Urban,Low,0
299.0,4.9,25.7,Suburban,High,0
227.0,3.98,48.6,Urban,High,1
270.0,0.98,35.0,Rural,Moderate,1
42.0,4.0,77.6,Suburban,High,1
20.0,1.27,77.4,Suburban,Low,0
106.0,2.51,41.1,Rural,Low,0
116.0,1.45,65.7,Rural,Moderate,0
123.0,3.6,10.9,Rural,Moderate,0
280.0,4.45,48.3,Urban,Moderate,1
291.0,1.81,62.0,Urban,Low,0
202.0,0.87,25.2,Rural,Moderate,0
,1.84,14.3,Urban,High,0
270.0,3.53,20.9,Suburban,High,1
276.0,1.98,40.9,Rural,Low,0
140.0,1.75,45.4,Suburban,High,0
274.0,1.33,36.7,Urban,Moderate,0
289.0,2.74,40.8,Rural,High,0
51.0,1.74,42.9,Urban,Moderate,0
,3.79,63.9,Suburban,High,1
156.0,0.84,17.4,Urban,Low,0
238.0,3.49,63.8,Suburban,Moderate,0
155.0,1.57,58.2,Urban,High,0
,2.7,,Suburban,Low,0
135.0,1.79,61.4,Urban,High,0
143.0,3.75,42.9,Rural,Low,1
105.0,4.75,24.8,Rural,High,0
157.0,4.63,47.6,Urban,Moderate,1
145.0,3.13,77.1,Suburban,Moderate,1
1.0,2.58,51.2,Urban,Moderate,0
76.0,4.18,10.8,Rural,Moderate,0
131.0,3.57,14.2,Suburban,Moderate,1
89.0,1.33,79.5,Urban,High,0
262.0,4.19,15.0,Urban,High,1
107.0,,13.2,Suburban,High,1
73.0,1.35,34.7,Urban,High,0
38.0,1.77,77.9,Rural,Moderate,0
158.0,1.7,32.3,Rural,Low,1
70.0,2.84,38.7,Suburban,Moderate,0
240.0,1.55,54.4,Urban,High,1
,1.06,11.7,Urban,Moderate,1
35.0,1.06,72.8,Rural,Moderate,0
83.0,3.12,46.4,Suburban,Moderate,1
262.0,3.81,42.7,Suburban,Low,1
171.0,1.95,70.3,Suburban,Moderate,1
172.0,,76.7,Rural,Moderate,1
46.0,1.07,39.6,Rural,Low,1
140.0,4.62,22.1,Suburban,Moderate,1
117.0,2.72,67.1,Suburban,Moderate,0
276.0,2.54,38.2,Urban,Moderate,1
213.0,0.67,75.5,Urban,Moderate,1
219.0,3.78,76.5,Suburban,Moderate,0
25.0,2.88,18.0,Rural,High,0
,1.41,77.0,Rural,Moderate,0
270.0,1.0,35.8,Urban,Low,1
9.0,2.23,55.2,Suburban,Moderate,0
120.0,4.27,,Rural,High,1
124.0,4.39,72.2,Rural,Low,1
169.0,3.21,54.9,Rural,Low,1
71.0,3.77,55.0,Rural,Moderate,1
151.0,1.02,73.2,Urban,High,0
,3.15,45.6,Rural,Moderate,1
48.0,3.5,38.7,Rural,High,1
153.0,1.4,70.6,Suburban,High,1
292.0,4.46,62.0,Suburban,Moderate,1
67.0,1.38,76.4,Urban,High,1
49.0,1.91,75.8,Urban,Moderate,1
151.0,3.29,36.8,Urban,High,0
18.0,,41.3,Urban,Low,0
99.0,3.65,27.9,Rural,Moderate,1
,1.0,56.2,Suburban,High,1
166.0,4.32,35.5,Rural,Low,1
201.0,2.9,65.0,Rural,Low,1
145.0,2.62,18.5,Rural,Low,1
163.0,4.91,18.1,Suburban,Low,0
241.0,3.83,24.3,Urban,Moderate,1
68.0,1.03,15.9,Urban,High,0
174.0,3.9,53.4,Suburban,Low,0
48.0,0.93,20.3,Suburban,High,0
107.0,0.62,21.2,Urban,High,0
225.0,2.32,11.0,Rural,High,0
160.0,4.97,,Urban,Moderate,1
118.0,1.29,66.9,Suburban,Moderate,1
148.0,3.53,21.3,Urban,Low,1
149.0,1.28,61.8,Urban,High,1
292.0,3.76,40.3,Urban,Moderate,0
142.0,2.77,26.8,Suburban,Moderate,0
159.0,3.56,53.5,Suburban,Moderate,1
10.0,1.41,,Urban,Low,0
137.0,3.86,63.0,Urban,Moderate,1
77.0,4.98,13.3,Rural,High,0
76.0,3.5,77.1,Rural,Moderate,0
253.0,2.72,15.0,Urban,Moderate,0
257.0,4.65,50.6,Suburban,Low,0
290.0,0.57,73.2,Rural,High,1
262.0,3.78,10.8,Urban,Moderate,0
84.0,4.5,44.9,Rural,High,1
145.0,0.78,34.5,Rural,High,1
41.0,2.53,50.6,Rural,Moderate,0
124.0,1.42,25.8,Suburban,Low,1
166.0,3.05,14.5,Urban,High,1
240.0,3.42,53.8,Suburban,Moderate,1
279.0,1.86,39.2,Suburban,High,1
187.0,2.57,53.6,Rural,High,0
18.0,1.76,,Urban,High,0
67.0,2.16,33.7,Rural,Moderate,0
217.0,1.22,49.3,Suburban,High,0
101.0,4.49,51.5,Suburban,High,1
41.0,0.55,36.1,Urban,Low,1
287.0,4.47,29.6,Suburban,Moderate,0
166.0,3.07,29.2,Suburban,Moderate,0
108.0,1.99,22.2,Urban,High,1
35.0,3.75,32.8,Rural,Low,0
231.0,2.78,24.0,Urban,High,1
228.0,2.75,54.4,Suburban,High,0
163.0,1.0,49.8,Urban,Moderate,1
72.0,2.25,36.8,Rural,Low,1
135.0,1.58,32.8,Suburban,High,0
69.0,,26.6,Rural,Moderate,0
195.0,2.12,47.5,Rural,High,0
268.0,0.9,,Urban,High,1
48.0,1.66,58.0,Rural,Low,0
129.0,0.92,62.1,Urban,Low,0
4.0,0.95,68.4,Urban,Low,0
26.0,1.4,34.6,Rural,High,0
159.0,5.0,14.4,Urban,Low,0
148.0,0.51,53.6,Urban,Moderate,1
263.0,3.37,23.2,Rural,High,0
229.0,1.14,49.8,Suburban,Low,0
199.0,4.64,61.8,Urban,High,0
49.0,0.92,64.9,Urban,High,0
66.0,4.8,31.1,Rural,Moderate,1
299.0,3.25,45.9,Urban,Moderate,1
57.0,0.51,53.5,Rural,Moderate,0
258.0,4.52,,Suburban,High,0
129.0,2.85,63.3,Suburban,High,0
214.0,1.68,79.2,Rural,Moderate,1
171.0,3.95,10.6,Suburban,High,1
257.0,4.67,40.6,Rural,Moderate,0
101.0,2.68,27.9,Urban,Moderate,1
208.0,1.92,18.4,Suburban,Low,1
290.0,4.05,73.8,Urban,Moderate,1
285.0,3.57,79.9,Urban,Low,1
115.0,4.5,22.6,Rural,Moderate,1
263.0,3.62,12.7,Suburban,High,1
149.0,1.6,29.3,Suburban,Low,0
299.0,4.69,68.4,Urban,High,1
35.0,0.97,30.6,Urban,High,0
286.0,1.71,14.0,Rural,Moderate,1
207.0,2.84,13.7,Suburban,Moderate,0
105.0,3.05,39.9,Rural,High,1
157.0,0.57,75.2,Rural,Moderate,0
120.0,4.01,30.0,Rural,Moderate,0
54.0,2.13,39.9,Suburban,Moderate,1
11.0,2.33,17.1,Rural,High,0
144.0,4.14,44.6,Suburban,Low,0
135.0,2.21,,Rural,Low,1
2.0,0.71,29.0,Urban,High,0
143.0,1.29,30.8,Rural,Moderate,1
29.0,4.8,68.9,Rural,Moderate,0
236.0,0.82,10.7,Suburban,Low,0
278.0,2.1,54.6,Urban,High,1
114.0,2.76,37.6,Urban,High,0
103.0,2.72,30.9,Suburban,Moderate,0
117.0,0.52,56.0,Suburban,Moderate,1
4.0,2.76,68.4,Urban,Moderate,1
247.0,2.23,49.1,Suburban,High,1
120.0,4.87,12.2,Urban,Low,0
285.0,1.22,42.3,Rural,High,0
148.0,2.09,42.4,Rural,High,1
83.0,2.39,48.1,Urban,High,0
230.0,2.26,57.0,Urban,Low,0
287.0,3.5,11.4,Rural,Moderate,0
160.0,1.47,45.1,Rural,Moderate,0
271.0,1.49,51.2,Urban,High,0
37.0,3.78,34.0,Suburban,High,1
225.0,2.75,56.8,Suburban,Low,1
141.0,2.37,26.0,Urban,Low,0
291.0,1.26,32.2,Suburban,Moderate,0
150.0,1.34,77.4,Rural,High,0
113.0,0.55,34.4,Rural,Low,1
236.0,0.91,34.3,Suburban,Low,1
65.0,3.01,51.7,Urban,High,1
257.0,4.51,78.0,Rural,High,1
248.0,1.79,78.8,Rural,High,1
179.0,1.97,50.6,Rural,High,0
189.0,1.02,10.1,Suburban,High,0
153.0,2.25,73.0,Urban,High,0
195.0,0.67,49.9,Suburban,Low,0
261.0,4.63,35.6,Urban,High,1
142.0,3.53,68.0,Urban,Moderate,0
100.0,4.96,38.0,Suburban,High,0
243.0,4.47,12.4,Rural,Moderate,0
11.0,2.63,67.5,Urban,Moderate,0
238.0,2.84,48.2,Suburban,Moderate,1
48.0,1.36,33.7,Rural,High,1
41.0,2.58,27.6,Urban,High,0
165.0,4.56,51.6,Urban,Moderate,0
81.0,0.73,24.6,Rural,High,0
290.0,4.39,32.7,Urban,Low,0
157.0,2.03,54.6,Suburban,Low,1
215.0,4.55,71.7,Urban,Low,1
,4.73,47.3,Urban,Low,0
133.0,3.52,63.1,Rural,High,0
66.0,3.49,63.4,Suburban,Moderate,1
6.0,2.54,56.5,Rural,High,1
13.0,4.26,27.2,Suburban,Low,0
72.0,4.83,70.7,Rural,High,0
162.0,3.99,40.5,Urban,High,0
65.0,3.3,13.1,Suburban,Low,1
129.0,3.23,,Suburban,Moderate,1
205.0,,63.6,Urban,High,1
,2.94,14.8,Rural,High,1
255.0,4.12,20.3,Suburban,Low,1
265.0,,58.6,Urban,Moderate,0
24.0,0.78,72.5,Urban,Low,0
280.0,2.23,54.4,Suburban,Low,0
252.0,2.5,25.6,Suburban,High,0
288.0,1.14,,Suburban,Moderate,1
163.0,0.96,,Urban,Low,0
94.0,,13.3,Rural,High,1
269.0,0.88,52.9,Rural,Low,1
109.0,1.86,25.8,Suburban,High,0
237.0,3.85,73.3,Urban,Moderate,0
24.0,4.84,43.3,Urban,Low,0
140.0,3.73,25.7,Suburban,Moderate,0
116.0,4.97,69.7,Urban,Moderate,0
24.0,3.64,27.8,Urban,High,0
78.0,1.82,31.5,Urban,Low,1
67.0,3.52,68.4,Suburban,Low,1
172.0,3.66,31.6,Suburban,High,1
11.0,2.17,38.7,Suburban,High,0
287.0,0.58,34.3,Rural,Moderate,1
127.0,3.66,18.1,Rural,Low,0
95.0,0.6,,Suburban,Low,0
91.0,3.34,60.7,Urban,High,1
140.0,1.24,55.2,Urban,High,1
30.0,3.05,29.8,Suburban,High,0
19.0,2.77,30.7,Urban,Low,0
145.0,0.56,76.2,Urban,Low,1
159.0,2.13,79.1,Rural,Moderate,1
42.0,3.2,,Urban,High,1
253.0,4.32,66.2,Urban,Moderate,1
129.0,4.5,61.6,Suburban,Low,1
59.0,2.68,30.8,Rural,Moderate,1
150.0,3.78,14.1,Rural,Moderate,0
,1.92,20.0,Urban,Moderate,1
4.0,2.04,68.7,Suburban,High,0
265.0,1.38,61.2,Rural,Low,0
129.0,3.03,56.5,Rural,High,1
266.0,1.92,19.1,Urban,Moderate,1
177.0,0.88,54.8,Rural,High,1
252.0,3.58,64.1,Suburban,Low,0
55.0,3.68,70.2,Suburban,Low,0
82.0,2.12,10.9,Rural,Moderate,1
98.0,0.85,57.9,Suburban,Moderate,1
,2.42,11.3,Suburban,High,0
155.0,2.49,59.5,Urban,Low,0
189.0,3.51,54.5,Rural,Low,1
262.0,1.92,20.4,Rural,High,1
79.0,3.57,63.6,Urban,Low,1
251.0,4.42,14.8,Urban,Moderate,0
96.0,1.57,67.8,Urban,Moderate,0
259.0,4.91,28.3,Urban,High,1
259.0,2.24,58.2,Suburban,High,1
102.0,1.7,74.7,Suburban,High,1
39.0,2.4,33.8,Urban,Moderate,0
272.0,0.92,45.2,Rural,High,0
100.0,,42.4,Rural,Low,0
220.0,2.36,21.0,Rural,High,1
123.0,3.93,51.3,Urban,Low,1
230.0,4.55,62.0,Suburban,Moderate,1
177.0,3.49,74.2,Suburban,Low,0
62.0,0.97,69.6,Suburban,Low,0
115.0,,45.7,Suburban,Low,0
190.0,3.36,,Rural,Moderate,1
61.0,4.13,66.1,Rural,Low,1
255.0,4.21,44.5,Suburban,Low,0
6.0,4.41,18.1,Urban,High,1
154.0,2.36,40.7,Suburban,High,1
91.0,3.64,69.0,Suburban,High,0
13.0,1.71,51.8,Urban,Low,0
228.0,5.0,60.7,Suburban,Low,0
85.0,1.29,23.0,Rural,Moderate,0
,0.55,77.5,Urban,Low,0
182.0,1.17,38.3,Urban,Low,1
61.0,3.99,55.8,Suburban,Moderate,0
218.0,2.51,11.3,Rural,Low,1
245.0,2.51,18.9,Rural,Moderate,1
229.0,4.8,64.7,Rural,Moderate,0
78.0,4.64,77.8,Suburban,High,0
148.0,1.9,32.4,Suburban,Low,1
137.0,1.44,12.6,Rural,High,1
64.0,4.32,35.3,Suburban,Low,1
12.0,4.58,11.2,Rural,High,0
212.0,2.94,23.5,Suburban,Moderate,1
241.0,3.33,62.7,Urban,Moderate,0
212.0,1.66,75.6,Urban,Moderate,0
180.0,4.1,16.1,Suburban,Moderate,1
172.0,3.34,49.1,Suburban,Low,0
159.0,2.77,27.8,Rural,Low,1
163.0,0.77,19.7,Urban,High,1
187.0,4.62,25.3,Rural,Low,0
190.0,3.27,50.4,Suburban,Low,0
255.0,1.37,14.6,Rural,High,1
182.0,3.23,40.4,Rural,Moderate,0
116.0,3.55,19.5,Suburban,High,0
281.0,2.87,29.1,Urban,High,1
195.0,3.73,23.4,Rural,Moderate,0
33.0,3.12,71.8,Suburban,High,1
51.0,4.76,59.6,Rural,High,1
,0.74,70.8,Suburban,High,0
251.0,0.98,36.8,Suburban,Low,1
81.0,1.28,31.9,Suburban,Moderate,0
231.0,3.61,36.6,Urban,Moderate,1
226.0,3.41,11.3,Urban,High,0
232.0,4.51,60.7,Suburban,Low,1
220.0,3.8,34.5,Urban,Moderate,1
41.0,2.79,31.9,Rural,Moderate,0
20.0,4.96,51.9,Urban,High,0
41.0,1.7,40.5,Urban,High,0
112.0,4.25,78.7,Rural,High,0
104.0,2.42,34.9,Rural,Moderate,0
191.0,,53.0,Rural,High,0
16.0,3.77,31.8,Suburban,High,0
119.0,3.35,79.3,Rural,High,0
,1.13,41.2,Rural,Low,0
129.0,2.49,54.4,Rural,High,1
59.0,3.03,18.9,Suburban,Moderate,0
47.0,4.32,61.3,Urban,High,1
28.0,2.5,28.8,Suburban,Moderate,0
96.0,4.63,41.4,Urban,Low,0
9.0,,71.8,Rural,Low,1
241.0,2.97,77.9,Suburban,High,1
231.0,4.08,39.7,Suburban,Moderate,0
276.0,3.12,68.4,Urban,High,1
283.0,4.82,13.7,Suburban,High,0
202.0,3.47,69.3,Suburban,Moderate,1
246.0,2.85,54.1,Urban,Moderate,0
289.0,0.61,44.2,Suburban,Moderate,1
263.0,2.36,72.3,Suburban,Moderate,0
213.0,1.85,69.2,Rural,Moderate,1
199.0,3.87,30.8,Rural,Low,0
78.0,1.44,65.4,Rural,Low,1
172.0,1.42,17.0,Rural,Low,0
68.0,1.35,67.6,Rural,Moderate,0
86.0,1.07,57.3,Suburban,Moderate,0
100.0,1.9,16.2,Suburban,Moderate,1
7.0,4.49,57.8,Rural,High,1
199.0,3.99,50.6,Urban,Low,1
86.0,3.81,51.6,Rural,Low,1
42.0,4.09,30.4,Suburban,High,1
108.0,1.71,28.7,Urban,High,0
151.0,4.49,63.4,Rural,Low,1
16.0,1.12,28.0,Urban,Moderate,0
132.0,2.01,41.2,Rural,Low,0
147.0,3.14,58.6,Suburban,Moderate,0
276.0,0.96,15.6,Rural,Low,0
231.0,3.79,51.6,Urban,Low,0
227.0,2.24,51.3,Suburban,High,1
138.0,4.03,,Rural,High,0
210.0,2.72,35.9,Rural,Moderate,1
27.0,1.31,41.4,Rural,Moderate,0
50.0,3.81,33.1,Rural,Low,0
260.0,1.63,66.6,Suburban,High,1
260.0,2.71,19.1,Suburban,Moderate,1
7.0,0.84,77.4,Rural,Moderate,0
137.0,3.28,54.4,Suburban,Moderate,0
37.0,3.5,72.1,Urban,Low,0
110.0,2.2,39.8,Suburban,Moderate,1
219.0,4.79,33.3,Urban,Moderate,1
222.0,4.43,73.1,Urban,High,0
135.0,3.69,16.9,Suburban,High,1
255.0,3.71,18.2,Rural,High,1
48.0,1.64,31.0,Suburban,Low,1
291.0,3.46,77.2,Urban,High,1
77.0,1.39,54.3,Urban,High,1
104.0,1.15,48.8,Suburban,High,1
168.0,5.0,59.4,Urban,High,1
216.0,3.3,39.2,Suburban,Moderate,0
118.0,2.44,63.1,Suburban,Low,1
189.0,1.8,37.5,Rural,Moderate,1
254.0,3.22,67.8,Urban,Moderate,0
265.0,0.72,28.7,Suburban,Low,1
148.0,0.93,29.4,Urban,Moderate,1
163.0,,46.6,Suburban,High,1
139.0,2.75,40.2,Suburban,Low,1
257.0,3.2,55.4,Rural,Moderate,0
268.0,0.78,35.5,Suburban,Moderate,1
180.0,3.75,26.1,Rural,High,0
159.0,1.54,42.9,Urban,Moderate,1
287.0,3.58,49.3,Rural,Moderate,1
287.0,4.92,20.0,Rural,Moderate,1
225.0,3.61,49.0,Urban,Low,1
10.0,4.47,32.3,Rural,Low,0
9.0,4.77,37.5,Rural,Moderate,0
270.0,2.69,29.6,Suburban,Moderate,0
272.0,3.66,75.2,Rural,High,0
182.0,4.33,57.8,Suburban,Low,0
152.0,2.1,28.4,Rural,Low,1
123.0,1.68,,Urban,Low,0
113.0,4.76,69.4,Urban,Moderate,0
277.0,3.77,38.1,Rural,High,1
212.0,,68.1,Suburban,High,0
,2.52,20.8,Rural,Moderate,1
287.0,4.08,67.6,Suburban,Moderate,0
173.0,2.96,47.8,Rural,High,1
112.0,3.42,25.6,Urban,High,0
121.0,3.89,38.5,Urban,Low,1
31.0,3.3,79.2,Suburban,Moderate,0
221.0,2.93,64.8,Rural,Low,0
118.0,3.87,50.3,Suburban,High,1
38.0,3.77,18.1,Urban,Low,1
267.0,3.33,39.2,Suburban,High,1
232.0,2.12,28.4,Rural,High,0
17.0,2.33,15.0,Suburban,Low,1
148.0,4.87,48.0,Rural,Moderate,0
148.0,1.01,72.2,Rural,Low,1
125.0,1.71,57.3,Urban,Low,0
237.0,2.72,27.5,Rural,Moderate,1
134.0,4.27,50.2,Rural,Moderate,1
150.0,1.24,76.0,Rural,Low,0
235.0,1.75,60.6,Suburban,High,1
223.0,0.8,58.3,Urban,Low,1
202.0,3.68,77.8,Suburban,High,1
255.0,1.57,65.9,Suburban,Moderate,0
85.0,2.25,19.6,Urban,Moderate,0
149.0,2.5,34.3,Suburban,High,1
234.0,4.51,77.6,Suburban,Low,1
21.0,2.35,44.3,Rural,Moderate,0
284.0,1.15,,Suburban,High,0
268.0,2.86,42.1,Urban,High,1
257.0,4.83,58.8,Suburban,Low,0
28.0,3.23,79.8,Rural,High,1
212.0,4.93,32.7,Suburban,High,1
282.0,4.28,46.0,Urban,Low,0
49.0,0.66,71.6,Rural,Moderate,0
94.0,3.46,34.9,Suburban,Moderate,0
87.0,1.79,17.6,Urban,Moderate,0
43.0,,76.4,Urban,High,0
277.0,1.76,44.2,Suburban,High,0
170.0,2.07,45.2,Suburban,Low,0
188.0,4.65,53.5,Rural,High,0
183.0,1.43,10.2,Suburban,High,1
2.0,4.43,75.2,Rural,Moderate,1
190.0,0.64,35.3,Suburban,High,0
117.0,0.91,37.8,Urban,High,1
18.0,4.35,22.2,Urban,High,1
22.0,3.34,36.5,Urban,Low,1
29.0,3.86,66.3,Urban,High,1
294.0,1.44,66.0,Rural,Low,1
107.0,2.92,,Urban,Moderate,0
280.0,3.82,38.2,Rural,High,0
127.0,3.32,59.6,Rural,Low,0
228.0,2.62,45.5,Rural,Moderate,0
110.0,4.82,66.3,Suburban,High,0
,3.54,,Rural,Low,0
185.0,4.58,35.8,Suburban,Low,1
143.0,3.78,33.6,Rural,Moderate,0
71.0,3.81,27.7,Suburban,High,1
128.0,0.86,50.4,Suburban,High,0
260.0,2.12,77.5,Urban,High,1
2.0,4.36,24.0,Rural,Low,1
103.0,1.55,16.7,Suburban,High,0
223.0,1.02,18.4,Urban,Low,0
9.0,1.97,64.8,Rural,Low,0
230.0,1.49,34.5,Urban,Moderate,0
218.0,4.66,25.7,Suburban,Low,1
65.0,4.41,34.7,Urban,Moderate,0
111.0,2.75,55.2,Urban,Moderate,0
12.0,0.78,48.3,Rural,High,1
85.0,3.72,62.1,Suburban,Moderate,1
233.0,3.31,33.7,Rural,High,0
89.0,4.87,41.6,Rural,Moderate,0
53.0,3.02,17.1,Urban,Low,1
11.0,,15.1,Suburban,High,0
208.0,2.84,42.4,Rural,Low,1
13.0,4.91,31.1,Suburban,High,1
120.0,,52.9,Rural,Low,0
19.0,3.52,13.0,Urban,Moderate,1
74.0,1.58,18.5,Rural,High,0
242.0,3.85,70.6,Rural,High,0
222.0,3.88,49.6,Rural,High,0
69.0,1.93,59.8,Suburban,Moderate,1
210.0,2.68,68.9,Urban,Low,0
100.0,1.83,42.5,Suburban,Moderate,0
185.0,1.66,63.3,Rural,Moderate,1
131.0,0.62,46.7,Urban,Moderate,0
110.0,1.78,25.6,Suburban,Low,0
131.0,2.99,33.6,Rural,Moderate,0
19.0,0.51,44.3,Urban,High,1
,1.77,32.2,Urban,Moderate,1
,4.47,33.5,Rural,Low,0
153.0,3.17,33.6,Urban,High,0
292.0,3.24,18.6,Urban,Low,0
229.0,2.32,15.9,Suburban,Moderate,1
201.0,3.54,13.3,Urban,Low,0
37.0,1.35,17.8,Suburban,High,0
259.0,4.18,34.1,Suburban,Low,0
187.0,1.03,51.6,Suburban,High,1
56.0,3.45,23.2,Suburban,High,1
19.0,2.04,72.2,Urban,Moderate,1
272.0,3.86,66.6,Urban,Moderate,1
118.0,2.97,46.4,Suburban,High,1
70.0,2.54,60.7,Urban,Low,0
3.0,1.26,35.6,Suburban,High,0
220.0,3.37,12.6,Suburban,Moderate,0
13.0,4.89,73.3,Suburban,Low,0
2.0,4.22,18.9,Rural,High,1
,0.77,76.4,Urban,Moderate,1
228.0,2.19,50.0,Urban,High,0
185.0,4.67,,Suburban,High,1
,2.76,44.7,Urban,High,0
253.0,3.48,45.1,Suburban,Low,1
23.0,4.61,11.6,Urban,Moderate,0
161.0,4.43,34.9,Suburban,Moderate,0
157.0,2.76,61.8,Suburban,High,0
81.0,2.47,45.7,Rural,High,1
158.0,2.03,27.1,Suburban,High,0
187.0,3.74,33.5,Rural,Low,0
59.0,1.79,70.4,Urban,Moderate,1
210.0,1.62,46.8,Urban,High,0
151.0,2.1,47.0,Rural,Moderate,1
108.0,1.3,77.3,Urban,High,1
75.0,3.63,32.5,Rural,Moderate,1
29.0,3.27,43.6,Urban,High,0
116.0,2.67,66.8,Rural,Low,1
191.0,2.26,63.1,Rural,High,1
18.0,4.59,28.6,Suburban,High,1
172.0,0.63,20.6,Urban,High,0
227.0,3.96,59.0,Suburban,High,1
182.0,4.56,28.0,Rural,High,0
112.0,2.51,74.6,Suburban,Moderate,1
182.0,2.98,19.0,Rural,Moderate,1
145.0,4.75,32.3,Urban,Low,0
115.0,1.46,13.8,Urban,High,0
112.0,2.84,59.2,Urban,Moderate,0
250.0,2.64,72.4,Rural,Moderate,1
,,54.5,Suburban,High,1
117.0,4.18,75.6,Urban,High,0
160.0,4.55,19.0,Rural,Low,0
197.0,4.02,16.1,Suburban,Low,0
259.0,1.38,68.7,Rural,Moderate,0
147.0,0.89,69.9,Rural,Low,0
239.0,3.22,68.2,Urban,Moderate,1
46.0,0.76,65.9,Rural,Low,1
197.0,3.53,35.4,Rural,High,0
46.0,2.89,25.2,Suburban,Low,0
77.0,3.48,75.0,Urban,Moderate,1
123.0,3.16,31.5,Rural,Low,0
74.0,2.4,37.9,Rural,Moderate,0
136.0,1.4,59.0,Suburban,Moderate,0
89.0,1.88,30.5,Rural,Low,0
,2.86,67.3,Rural,Low,1
137.0,3.43,14.9,Rural,Moderate,0
49.0,4.01,,Rural,High,1
258.0,3.95,52.1,Rural,Low,1
106.0,4.88,50.1,Suburban,Moderate,1
112.0,,42.1,Rural,High,1
253.0,0.82,29.4,Rural,Moderate,0
117.0,2.06,42.5,Rural,Low,1
197.0,3.84,41.5,Rural,Moderate,0
50.0,2.47,50.9,Urban,Moderate,0
244.0,4.18,29.7,Urban,Moderate,1
34.0,2.97,15.4,Urban,Low,0
68.0,4.68,20.2,Urban,High,0
48.0,4.77,58.9,Suburban,High,1
73.0,0.81,11.6,Urban,High,1
191.0,,70.0,Suburban,High,1
260.0,3.24,58.6,Urban,Low,0
69.0,1.65,63.8,Suburban,Moderate,0
89.0,2.33,68.5,Urban,High,1
259.0,3.55,18.6,Rural,High,1
125.0,1.52,67.6,Urban,Low,0
230.0,3.21,45.3,Urban,Moderate,0
294.0,3.64,72.0,Urban,Moderate,1
128.0,0.91,72.1,Rural,High,0
279.0,2.74,11.7,Suburban,High,0
99.0,1.68,36.8,Suburban,Moderate,1
296.0,3.76,46.8,Rural,Low,1
181.0,1.35,57.5,Urban,Moderate,0
173.0,4.52,30.0,Urban,Moderate,0
,2.44,27.6,Urban,High,0
56.0,,,Suburban,Low,0
30.0,2.47,45.1,Suburban,Low,1
83.0,2.34,76.6,Rural,Low,0
,2.43,63.3,Rural,High,1
,3.14,40.1,Suburban,Low,0
212.0,2.85,13.8,Urban,Low,1
105.0,1.17,21.8,Urban,High,0
219.0,0.8,41.9,Urban,Moderate,0
162.0,3.78,67.0,Urban,Low,1
219.0,3.02,36.6,Rural,Moderate,0
269.0,2.12,47.7,Rural,Low,1
119.0,4.14,72.4,Suburban,Moderate,1
181.0,2.25,74.0,Rural,Moderate,1
105.0,4.08,25.1,Urban,High,0
216.0,1.88,13.1,Suburban,High,0
204.0,0.83,31.4,Rural,Low,0
69.0,4.7,58.7,Rural,Low,1
43.0,2.28,76.6,Rural,High,0
227.0,4.07,15.4,Rural,Low,0
183.0,1.76,12.0,Rural,Low,1
106.0,3.41,71.9,Urban,High,1
83.0,4.43,62.4,Urban,Moderate,1
249.0,0.69,79.5,Urban,Low,1
20.0,4.24,37.8,Rural,High,0
195.0,3.07,39.1,Suburban,Low,1
177.0,3.23,22.1,Urban,Low,1
6.0,2.85,18.1,Urban,High,0
69.0,4.44,,Rural,High,0
126.0,0.7,35.5,Suburban,Low,1
159.0,1.67,15.6,Urban,Low,0
247.0,4.44,72.1,Urban,Moderate,0
202.0,3.89,23.9,Suburban,Moderate,1
147.0,0.58,62.4,Rural,High,0
142.0,2.83,29.8,Suburban,Low,1
198.0,2.88,66.9,Rural,High,0
153.0,2.3,18.3,Urban,High,0
141.0,,62.9,Suburban,Low,0
,3.57,16.9,Suburban,Moderate,0
20.0,1.44,41.3,Urban,High,1
81.0,4.1,61.4,Urban,High,1
68.0,4.11,22.1,Rural,Low,0
130.0,2.37,30.0,Urban,Moderate,0
86.0,1.78,70.5,Urban,Moderate,0
217.0,1.78,72.0,Suburban,Low,1
160.0,2.67,13.1,Rural,High,0
177.0,3.74,21.8,Urban,Low,1
116.0,2.11,18.2,Suburban,Low,0
195.0,3.25,22.6,Urban,Moderate,1
85.0,2.22,77.9,Urban,High,1
288.0,1.87,,Urban,High,0
80.0,0.61,42.8,Urban,Moderate,1
151.0,0.52,78.9,Rural,High,0
60.0,1.52,49.0,Suburban,High,1
60.0,2.33,56.3,Suburban,Low,1
27.0,4.33,33.3,Urban,Low,0
42.0,4.09,36.7,Suburban,Low,1
168.0,1.7,51.6,Urban,High,0
85.0,1.6,14.9,Suburban,High,1
176.0,1.52,27.9,Rural,High,0
16.0,2.03,23.8,Rural,High,1
97.0,2.74,11.1,Suburban,Moderate,1
197.0,2.47,47.6,Urban,Moderate,0
97.0,1.48,49.3,Urban,High,1
64.0,,36.9,Urban,Low,0
4.0,0.56,28.8,Urban,Low,0
1.0,1.19,55.6,Rural,Moderate,1
21.0,3.67,19.4,Urban,Moderate,0
111.0,1.6,46.3,Urban,High,0
56.0,2.61,,Urban,High,0
65.0,3.16,21.5,Urban,High,0
97.0,4.49,62.7,Rural,High,0
143.0,4.5,63.3,Suburban,High,0
124.0,3.86,14.2,Suburban,Low,1
166.0,0.66,11.3,Urban,Low,0
85.0,3.09,78.2,Urban,High,0
75.0,4.04,23.5,Suburban,Low,1
,0.58,67.5,Rural,High,0
58.0,2.97,49.3,Rural,High,0
137.0,4.36,28.5,Rural,Moderate,0
98.0,2.63,19.1,Rural,Low,1
191.0,0.52,44.8,Rural,Low,1
242.0,0.55,38.5,Rural,Moderate,0
48.0,2.37,58.9,Rural,Low,0
31.0,1.2,73.3,Rural,Moderate,1
276.0,3.49,66.4,Rural,Low,0
19.0,3.69,29.2,Urban,High,1
153.0,1.3,71.5,Rural,Moderate,0
67.0,4.5,68.3,Urban,High,0
213.0,2.49,75.0,Suburban,High,1
,1.14,,Urban,Low,0
231.0,3.94,63.8,Suburban,Moderate,1
212.0,4.05,51.4,Urban,High,1
78.0,3.38,31.7,Suburban,High,0
213.0,4.34,79.6,Urban,Moderate,0
,3.82,12.7,Urban,Low,1
91.0,4.47,21.4,Suburban,High,1
269.0,2.45,72.5,Rural,Low,0
167.0,3.86,14.2,Rural,Moderate,0
57.0,5.0,72.1,Rural,Low,0
283.0,3.76,60.1,Rural,Moderate,0
25.0,1.01,12.6,Rural,Low,1
65.0,2.83,40.1,Urban,Low,1
247.0,3.14,62.8,Rural,High,0
253.0,1.28,50.8,Urban,Low,1
43.0,4.83,75.5,Suburban,High,0
96.0,1.29,70.7,Rural,Moderate,1
41.0,1.3,33.3,Rural,Moderate,1
226.0,4.62,,Rural,High,0
261.0,2.59,76.1,Rural,Low,0
166.0,0.78,46.2,Urban,Moderate,0
278.0,3.19,15.2,Urban,Moderate,0
88.0,,67.2,Urban,Moderate,1
177.0,0.79,70.8,Suburban,High,1
196.0,4.88,54.8,Urban,Moderate,0
266.0,2.95,41.3,Rural,Moderate,1
267.0,3.02,56.4,Suburban,Moderate,1
73.0,2.84,59.5,Suburban,Moderate,0
7.0,3.25,72.5,Rural,High,0
296.0,1.69,76.9,Rural,High,0
163.0,1.79,46.0,Rural,Low,1
84.0,2.8,65.9,Rural,Moderate,0
71.0,4.13,77.5,Urban,High,0
54.0,0.72,20.6,Suburban,Low,1
46.0,3.22,11.3,Rural,Low,1
237.0,4.13,70.8,Urban,Moderate,1
103.0,1.21,23.7,Rural,Low,1
209.0,0.57,13.0,Urban,High,0
41.0,1.91,21.2,Rural,Low,1
267.0,3.15,36.9,Rural,Low,0
262.0,1.12,25.3,Rural,High,0
258.0,2.42,,Urban,Low,1
,2.99,78.3,Rural,Low,0
113.0,3.19,59.3,Urban,Low,0
39.0,1.73,59.9,Urban,Low,1
219.0,2.3,16.6,Suburban,Moderate,1
128.0,4.0,,Urban,Moderate,1
7.0,4.74,61.8,Urban,High,0
100.0,4.38,56.2,Urban,Low,0
175.0,3.04,26.0,Urban,High,1
106.0,,39.6,Urban,Moderate,1
100.0,2.0,69.2,Suburban,Low,1
,1.06,56.9,Rural,Low,1
245.0,0.98,61.3,Suburban,Moderate,1
274.0,3.6,51.1,Suburban,Low,1
31.0,1.67,41.5,Rural,Low,1
136.0,1.65,63.1,Urban,Moderate,0
11.0,4.99,14.8,Rural,High,1
15.0,1.35,57.1,Urban,High,1
128.0,1.17,79.8,Rural,Low,1
62.0,0.94,64.6,Suburban,Moderate,1
108.0,3.11,30.3,Urban,High,0
20.0,3.33,29.4,Suburban,High,1
,2.14,56.7,Urban,Low,0
268.0,2.91,72.7,Rural,High,0
161.0,4.05,50.5,Rural,Moderate,0
259.0,4.18,46.9,Rural,High,1
101.0,4.81,21.2,Rural,Moderate,1
222.0,4.21,60.1,Rural,Moderate,0
58.0,3.04,59.2,Suburban,Low,0
246.0,1.31,77.7,Suburban,High,1
127.0,0.95,31.0,Urban,Low,0
282.0,0.75,63.0,Suburban,High,0
24.0,3.5,40.4,Urban,Low,1
130.0,4.13,49.1,Urban,Low,1
195.0,2.79,67.2,Suburban,Low,0
280.0,0.75,25.5,Suburban,High,0
153.0,2.91,34.0,Urban,Low,1
132.0,4.71,64.1,Suburban,Moderate,1
226.0,3.19,49.9,Suburban,High,1
188.0,4.14,16.5,Suburban,Moderate,0
264.0,4.1,40.1,Rural,Low,1
133.0,4.69,51.1,Rural,Low,0
210.0,3.97,73.7,Urban,Moderate,0
59.0,3.86,23.2,Suburban,Low,1
212.0,1.55,66.4,Urban,High,1
215.0,0.77,19.1,Suburban,Moderate,1
225.0,2.83,27.0,Rural,High,1
130.0,1.06,27.0,Suburban,High,0
75.0,4.83,71.4,Suburban,High,0
285.0,1.8,,Suburban,Low,0
276.0,,65.1,Rural,Low,0
155.0,2.24,42.3,Rural,Moderate,1
247.0,1.95,79.9,Rural,Moderate,0
217.0,4.71,68.7,Urban,High,1
189.0,2.13,61.8,Suburban,Low,1
162.0,2.26,71.0,Rural,Low,0
179.0,0.98,54.4,Urban,Low,0
33.0,3.52,69.1,Rural,Moderate,0
,1.8,28.3,Suburban,Low,0
74.0,3.14,16.8,Urban,High,0
,3.16,53.1,Rural,High,1
175.0,3.74,40.4,Rural,High,1
149.0,3.85,39.9,Urban,Low,0
272.0,2.82,46.9,Urban,High,0
107.0,1.99,35.3,Urban,High,0
138.0,4.27,53.8,Urban,Moderate,0
270.0,1.89,12.1,Urban,Moderate,0
288.0,2.78,77.9,Rural,Low,0
211.0,2.31,74.7,Urban,Low,1
271.0,4.35,75.5,Urban,Low,1
65.0,2.44,35.6,Suburban,Low,0
247.0,2.24,47.2,Rural,Low,0
155.0,3.6,76.8,Suburban,Moderate,1
46.0,3.21,73.2,Rural,Moderate,0
200.0,0.98,65.3,Rural,Moderate,0
147.0,2.79,38.5,Rural,High,0
123.0,3.81,49.5,Urban,High,1
0.0,4.96,65.5,Suburban,Moderate,0
246.0,3.33,,Rural,Moderate,1
127.0,,53.9,Rural,Low,0
190.0,1.52,68.0,Rural,Moderate,0
66.0,4.43,59.5,Suburban,Low,1
3.0,4.17,43.6,Rural,Moderate,0
293.0,1.55,50.9,Suburban,Low,1
142.0,1.4,79.2,Suburban,Moderate,1
190.0,3.72,52.1,Urban,Low,0
20.0,1.92,65.0,Rural,High,1
226.0,1.88,60.9,Rural,High,1
116.0,1.19,59.1,Suburban,Low,0
141.0,1.69,60.1,Suburban,Low,0
38.0,2.42,41.8,Urban,High,0
251.0,3.8,43.2,Rural,Moderate,1
206.0,2.01,42.8,Suburban,Low,0
209.0,1.98,12.3,Rural,Moderate,0
114.0,1.78,26.9,Rural,High,0
224.0,2.65,20.8,Rural,High,0
133.0,1.31,72.1,Suburban,Low,1
250.0,2.69,29.2,Rural,Moderate,0
218.0,3.67,19.7,Suburban,High,0
90.0,0.63,18.4,Urban,Moderate,0
45.0,0.54,59.0,Urban,High,0
37.0,0.84,10.4,Suburban,Low,0
141.0,,43.0,Rural,Moderate,1
99.0,4.35,18.3,Urban,Moderate,0
189.0,0.52,69.5,Urban,Low,0
34.0,4.71,77.1,Suburban,Low,1
,,77.1,Suburban,Low,0
29.0,,40.9,Suburban,Low,1
83.0,2.67,55.1,Suburban,High,1
280.0,3.47,52.0,Suburban,Moderate,1
269.0,2.8,34.5,Suburban,High,1
153.0,2.65,41.1,Suburban,Low,0
101.0,4.26,14.5,Rural,High,0
214.0,3.9,65.7,Rural,High,1
149.0,2.68,26.9,Rural,Moderate,1
82.0,1.0,42.2,Rural,Moderate,1
109.0,1.02,43.6,Urban,Moderate,1
274.0,4.11,49.2,Rural,Low,1
200.0,2.88,67.3,Urban,Low,0
283.0,2.67,58.4,Urban,Moderate,1
172.0,3.56,,Urban,High,0
205.0,4.36,46.9,Suburban,Moderate,1
62.0,3.33,16.7,Urban,Low,1
72.0,3.93,38.1,Urban,High,0
250.0,3.94,77.0,Urban,Low,1
123.0,2.1,79.7,Suburban,Moderate,0
120.0,1.73,61.1,Rural,Moderate,0
274.0,4.11,25.9,Rural,High,1
119.0,2.2,17.1,Urban,Moderate,1
163.0,4.57,39.0,Urban,Low,0
285.0,0.81,70.0,Rural,Low,0
264.0,0.76,60.5,Rural,Low,1
160.0,4.67,71.9,Rural,High,0
88.0,3.42,53.1,Rural,Low,1
141.0,2.21,19.1,Urban,Moderate,1
202.0,3.9,18.0,Urban,High,1
226.0,3.53,13.4,Urban,Low,0
221.0,2.89,49.7,Rural,Low,1
40.0,0.94,27.0,Suburban,Moderate,0
195.0,4.15,61.4,Rural,Moderate,0
67.0,4.4,58.0,Rural,High,1
263.0,1.27,32.3,Suburban,Low,0
1.0,,22.4,Suburban,Low,0
124.0,4.45,17.2,Rural,Moderate,0
109.0,2.97,61.6,Suburban,High,0
85.0,3.45,41.5,Suburban,Moderate,0
119.0,2.22,32.6,Suburban,Moderate,1
126.0,1.77,70.0,Rural,High,1
254.0,3.75,51.6,Rural,Low,0
182.0,4.38,46.3,Suburban,Low,1
15.0,3.44,62.0,Urban,Low,1
61.0,,67.1,Suburban,High,1
157.0,1.22,58.0,Suburban,High,0
,0.74,40.8,Rural,High,0
34.0,2.51,36.6,Urban,High,1
266.0,0.72,64.0,Suburban,High,1
63.0,3.06,46.3,Urban,Moderate,1
49.0,2.22,59.3,Rural,Low,0
254.0,3.91,72.3,Urban,High,0
148.0,1.88,74.1,Rural,Low,1
275.0,3.17,29.4,Suburban,High,0
171.0,2.92,23.2,Rural,Low,0
200.0,0.52,28.3,Urban,Moderate,0
34.0,0.83,62.6,Urban,Low,1
215.0,1.81,35.9,Urban,Low,0
64.0,4.47,22.1,Suburban,High,0
7.0,1.16,16.9,Urban,Low,1
75.0,3.7,32.9,Urban,Moderate,1
173.0,4.88,19.5,Urban,Moderate,1
46.0,4.06,20.9,Rural,Moderate,0
14.0,1.59,57.9,Urban,High,0
146.0,4.59,11.4,Rural,High,0
25.0,0.92,18.2,Urban,High,0
92.0,2.61,69.1,Rural,High,0
231.0,4.49,69.1,Rural,High,0
20.0,3.39,33.0,Suburban,Moderate,1
37.0,2.36,16.2,Suburban,Low,0
275.0,1.82,59.3,Rural,Moderate,0
156.0,2.19,35.2,Rural,High,1
178.0,2.79,13.2,Suburban,Moderate,1
131.0,1.94,21.0,Rural,Low,0
27.0,,19.6,Suburban,High,0
259.0,4.7,51.2,Suburban,Moderate,1
75.0,,72.9,Urban,Moderate,0
66.0,2.4,65.5,Urban,Low,1
193.0,3.61,48.3,Suburban,High,1
161.0,4.56,39.6,Suburban,High,0
256.0,4.33,53.3,Rural,Low,1
71.0,2.36,41.1,Suburban,Low,0
86.0,1.01,27.2,Suburban,Low,1
261.0,0.84,57.5,Urban,Low,1
213.0,3.1,71.1,Suburban,High,1
152.0,3.39,36.1,Rural,High,0
209.0,4.32,68.9,Suburban,Moderate,0
60.0,1.82,40.2,Urban,Moderate,0
267.0,1.25,38.1,Urban,Moderate,0
261.0,2.21,12.0,Urban,High,0
217.0,2.09,58.7,Urban,High,0
282.0,1.1,66.5,Suburban,High,1
135.0,3.53,56.4,Rural,Moderate,1
92.0,2.79,20.6,Rural,Low,0
108.0,3.75,17.2,Rural,Low,0
240.0,2.09,50.1,Suburban,Low,0
141.0,1.97,38.1,Suburban,Low,1
290.0,2.63,40.0,Suburban,Low,0
236.0,4.45,77.7,Rural,High,0
176.0,0.68,60.7,Suburban,Moderate,0
140.0,4.12,38.8,Suburban,Low,1
188.0,2.16,11.3,Urban,Low,1
48.0,4.35,12.4,Urban,Low,1
189.0,4.11,57.9,Rural,High,1
135.0,2.07,68.6,Urban,Low,0
42.0,3.62,59.5,Urban,Moderate,0
89.0,1.22,38.4,Urban,High,0
294.0,4.53,12.2,Suburban,High,1
244.0,2.32,77.7,Urban,High,0
191.0,2.55,79.0,Urban,Low,1
105.0,,48.5,Urban,Low,0
232.0,4.19,14.9,Suburban,Low,0
264.0,1.56,47.9,Rural,Low,0
36.0,3.48,72.5,Suburban,Moderate,0
40.0,2.26,57.6,Suburban,High,1
16.0,2.16,60.4,Urban,Low,1
276.0,3.61,15.9,Rural,Moderate,1
58.0,2.24,17.5,Urban,High,0
182.0,,18.9,Urban,High,1
40.0,4.26,73.3,Rural,High,0
38.0,0.96,46.8,Rural,Low,0
,3.54,65.4,Suburban,High,0
266.0,,18.1,Rural,Low,0
146.0,0.57,74.9,Suburban,Moderate,0
126.0,1.25,67.5,Suburban,High,1
45.0,3.23,25.7,Urban,Moderate,1
44.0,3.69,71.2,Urban,Low,0
0.0,0.59,28.4,Urban,Low,0
167.0,0.66,24.4,Rural,Low,1
107.0,4.56,28.5,Rural,High,0
,0.83,73.7,Suburban,High,1
71.0,4.52,74.1,Suburban,Moderate,0
,1.53,33.0,Suburban,Low,1
267.0,3.83,59.4,Rural,Moderate,0
239.0,1.89,57.3,Suburban,Low,1
89.0,4.36,66.5,Suburban,Low,0
102.0,3.65,30.8,Rural,Moderate,0
,,45.7,Urban,Low,0
7.0,0.84,56.7,Rural,Moderate,0
152.0,3.8,11.8,Suburban,High,0
173.0,3.28,36.4,Urban,Moderate,1
157.0,0.51,58.7,Rural,Moderate,0
214.0,0.54,27.7,Urban,Low,0
176.0,4.14,77.0,Urban,Moderate,0
174.0,1.67,12.1,Suburban,High,0
145.0,3.36,77.1,Rural,High,1
160.0,2.54,25.2,Suburban,High,1
126.0,4.39,13.4,Rural,High,1
81.0,4.63,30.5,Rural,Moderate,0
146.0,4.99,65.0,Rural,High,0
238.0,1.19,62.7,Urban,Moderate,0
83.0,4.38,24.6,Urban,Moderate,0
112.0,1.7,23.8,Suburban,Low,0
224.0,3.16,55.0,Rural,Moderate,1
242.0,2.78,42.1,Rural,Moderate,1
142.0,0.58,65.5,Urban,Low,1
40.0,4.7,11.7,Rural,High,0
257.0,0.85,52.7,Suburban,High,1
284.0,3.6,61.1,Rural,Moderate,1
104.0,4.03,,Rural,Low,0
201.0,4.08,57.5,Urban,Moderate,1
265.0,1.11,26.2,Rural,Moderate,0
209.0,2.51,17.6,Suburban,High,0
50.0,4.23,54.9,Suburban,Low,0
117.0,1.86,46.6,Suburban,Moderate,0
200.0,2.6,72.9,Suburban,High,0
38.0,1.73,60.9,Urban,Moderate,1
27.0,2.59,45.7,Rural,High,0
258.0,4.5,38.3,Urban,Low,0
83.0,2.55,38.3,Suburban,Moderate,1
154.0,3.0,,Rural,Low,0
116.0,2.32,11.2,Urban,High,0
1.0,2.57,50.2,Rural,Low,1
92.0,0.57,24.9,Suburban,Low,1
165.0,1.78,24.6,Suburban,Low,0
295.0,2.46,18.8,Rural,Moderate,1
257.0,3.35,23.3,Rural,High,0
80.0,2.53,12.2,Suburban,Low,1
267.0,2.02,57.2,Urban,Moderate,1
234.0,,38.1,Suburban,High,0
212.0,1.59,49.3,Rural,High,0
61.0,4.66,54.6,Urban,High,0
48.0,2.85,78.1,Suburban,Low,1
126.0,0.56,14.8,Rural,Low,1
222.0,0.59,39.3,Rural,Low,1
278.0,4.88,27.2,Rural,High,0
293.0,1.5,43.4,Urban,High,1
283.0,4.13,74.4,Urban,Low,0
276.0,0.76,60.7,Urban,Low,0
106.0,4.65,56.3,Urban,High,1
145.0,4.43,40.9,Rural,High,1
98.0,3.07,57.0,Rural,Moderate,1
72.0,0.54,,Urban,Moderate,1
121.0,1.66,51.0,Urban,Low,1
29.0,2.33,48.8,Rural,High,0
187.0,2.57,34.3,Suburban,High,1
287.0,1.84,24.1,Suburban,Moderate,0
194.0,0.65,66.5,Rural,High,1
155.0,3.16,13.8,Urban,Low,1
171.0,2.86,14.9,Urban,Moderate,0
,1.77,40.8,Rural,High,1
62.0,,27.7,Suburban,High,1
22.0,4.98,62.2,Rural,Low,0
74.0,2.67,54.4,Rural,High,0
47.0,3.9,64.1,Rural,Moderate,1
159.0,2.54,32.7,Urban,Moderate,1
117.0,0.69,61.8,Urban,High,1
99.0,1.89,,Urban,High,0
166.0,1.94,34.2,Suburban,High,1
289.0,4.27,33.8,Rural,High,1
155.0,3.44,73.0,Rural,Moderate,1
6.0,1.74,13.5,Suburban,Low,0
195.0,4.85,34.5,Urban,Moderate,1
55.0,1.95,18.3,Rural,High,0
192.0,4.99,12.0,Suburban,High,0
46.0,4.98,17.9,Urban,Moderate,0
147.0,1.36,40.2,Urban,Moderate,0
274.0,1.91,58.1,Rural,High,0
156.0,2.69,30.2,Urban,Moderate,1
201.0,3.49,69.5,Suburban,High,0
125.0,2.88,40.6,Urban,Moderate,1
293.0,4.86,77.8,Rural,High,1
63.0,3.76,76.8,Suburban,Moderate,0
175.0,1.45,64.1,Urban,High,0
115.0,0.97,75.3,Urban,Low,0
203.0,3.6,59.5,Urban,Low,0
30.0,1.21,72.7,Suburban,Moderate,1
112.0,4.04,26.6,Urban,Low,1
66.0,1.9,34.2,Rural,High,0
74.0,1.97,62.7,Suburban,Moderate,0
44.0,0.55,39.7,Suburban,Moderate,1
259.0,3.65,68.6,Urban,High,1
153.0,1.01,71.4,Suburban,High,0
154.0,3.98,31.0,Rural,High,1
233.0,2.71,67.6,Suburban,Moderate,1
50.0,4.03,20.8,Rural,High,1
261.0,3.13,,Urban,Low,0
124.0,0.87,46.3,Suburban,Moderate,0
244.0,,25.9,Rural,High,1
29.0,0.81,50.5,Urban,Moderate,0
121.0,2.65,50.5,Rural,Low,1
124.0,1.28,24.5,Suburban,Low,1
,3.89,65.7,Suburban,High,0
169.0,4.6,54.2,Rural,Moderate,0
123.0,,32.2,Urban,High,1
34.0,2.87,26.3,Urban,Moderate,0
86.0,3.94,71.5,Urban,High,0
133.0,0.52,68.5,Urban,High,0
195.0,4.63,26.1,Rural,Moderate,0
273.0,,12.5,Suburban,Moderate,1
200.0,4.93,66.3,Rural,Low,1
284.0,3.81,53.1,Suburban,Low,0
76.0,3.98,17.1,Suburban,Moderate,1
58.0,3.45,51.1,Rural,Low,0
125.0,2.62,41.7,Rural,Low,0
,3.07,64.2,Urban,Moderate,0
223.0,0.71,24.6,Suburban,Moderate,1
277.0,3.31,41.7,Urban,Moderate,1
67.0,3.32,,Urban,High,1
68.0,4.51,77.0,Rural,Moderate,0
164.0,2.78,64.5,Urban,Moderate,1
161.0,0.85,61.6,Urban,Moderate,1
41.0,1.88,58.3,Urban,Low,0
108.0,3.45,39.6,Rural,Moderate,0
50.0,,74.6,Urban,Low,0
249.0,1.76,15.1,Urban,High,0
20.0,4.19,66.2,Rural,Moderate,1
299.0,3.13,25.1,Rural,Moderate,1
138.0,2.79,32.7,Rural,Low,0
91.0,1.93,46.4,Suburban,High,0
279.0,3.79,64.8,Rural,Moderate,0
124.0,1.79,68.7,Suburban,High,0
110.0,3.82,50.9,Rural,High,1
138.0,0.82,38.2,Rural,Moderate,0
272.0,4.39,76.3,Rural,High,0
98.0,2.75,27.3,Suburban,High,1
251.0,2.47,66.2,Urban,Moderate,0
103.0,3.25,52.8,Rural,Low,0
213.0,3.31,36.4,Suburban,Moderate,0
248.0,1.09,10.1,Rural,High,0
151.0,3.9,41.3,Urban,Moderate,0
249.0,1.74,29.4,Suburban,Low,1
274.0,4.57,17.3,Rural,High,1
164.0,4.18,15.3,Rural,High,1
7.0,2.06,,Rural,Low,1
283.0,,53.0,Urban,Low,0
4.0,2.1,68.6,Suburban,High,0
144.0,0.95,22.8,Rural,Low,0
100.0,,39.7,Rural,Moderate,0
163.0,3.44,37.4,Suburban,Low,0
146.0,2.55,45.9,Urban,Moderate,0
63.0,2.29,66.7,Urban,High,1
90.0,1.96,48.8,Urban,High,0
,,69.3,Urban,High,0
266.0,1.11,46.3,Urban,High,1
172.0,1.92,52.3,Rural,High,1
46.0,2.68,40.6,Rural,Low,0
139.0,2.65,67.6,Rural,Low,1
245.0,,74.7,Suburban,High,1
148.0,1.29,54.7,Urban,Low,0
245.0,1.15,67.5,Suburban,Low,0
4.0,1.65,14.1,Urban,High,1
183.0,4.62,73.4,Urban,Low,1
19.0,1.01,23.2,Suburban,High,1
45.0,3.91,28.0,Rural,High,1
11.0,,13.7,Suburban,High,1
69.0,4.14,77.6,Rural,High,1
16.0,4.49,69.6,Urban,Low,0
146.0,1.68,73.9,Rural,Low,0
153.0,1.51,69.3,Urban,Moderate,1
107.0,2.59,43.6,Urban,Moderate,1
235.0,1.69,,Rural,High,0
69.0,3.8,77.9,Urban,Moderate,1
182.0,3.36,45.2,Rural,Low,0
249.0,4.44,22.3,Suburban,Low,1
227.0,,56.1,Urban,Moderate,1
101.0,4.62,78.3,Urban,Moderate,1
74.0,1.82,71.1,Suburban,Low,1
215.0,2.71,70.3,Urban,Moderate,0
202.0,2.47,75.4,Suburban,Low,0
191.0,3.92,72.6,Suburban,Low,0
248.0,2.39,64.3,Urban,Moderate,0
241.0,4.75,60.3,Suburban,Moderate,1
178.0,4.56,28.5,Suburban,High,0
218.0,4.42,53.5,Suburban,High,0
81.0,0.82,,Urban,High,0
91.0,4.34,70.3,Suburban,High,1
174.0,4.02,44.4,Rural,High,1
238.0,0.97,18.9,Rural,Low,1
259.0,0.98,10.3,Suburban,Moderate,1
162.0,0.96,57.5,Rural,Low,1
47.0,0.55,48.5,Urban,High,0
115.0,2.97,33.2,Suburban,High,0
224.0,4.88,21.8,Urban,Moderate,0
146.0,2.47,42.7,Rural,Low,0
62.0,2.93,17.0,Rural,High,1
293.0,4.86,33.5,Rural,High,0
12.0,1.65,36.5,Rural,High,1
188.0,4.36,42.6,Urban,High,1
286.0,2.96,42.7,Suburban,Low,0
207.0,3.06,28.0,Urban,Low,0
113.0,2.04,69.5,Suburban,High,0
21.0,3.03,34.9,Rural,Low,0
213.0,0.83,26.1,Rural,High,0
170.0,3.94,22.3,Rural,Moderate,1
53.0,1.78,32.6,Rural,Moderate,0
297.0,4.49,14.7,Urban,Moderate,1
125.0,2.16,12.3,Suburban,Low,1
276.0,1.14,52.4,Suburban,High,0
203.0,,53.3,Rural,Moderate,1
,1.24,47.1,Urban,Moderate,1
168.0,3.89,63.4,Rural,Low,1
151.0,4.86,12.7,Suburban,Low,1
34.0,4.01,75.5,Suburban,Moderate,1
183.0,0.6,16.7,Urban,High,0
285.0,3.2,57.2,Suburban,High,0
56.0,3.63,19.3,Urban,High,0
221.0,4.21,71.6,Rural,Moderate,1
162.0,0.75,45.7,Rural,Low,1
18.0,2.66,15.8,Urban,High,0
263.0,2.91,53.2,Rural,Moderate,1
281.0,1.26,10.6,Urban,Moderate,1
112.0,1.95,64.3,Rural,Low,1
29.0,2.48,55.5,Rural,High,1
134.0,4.25,,Suburban,Moderate,1
66.0,4.68,36.2,Suburban,High,0
64.0,3.33,10.5,Urban,High,0
291.0,2.28,58.6,Rural,High,1
24.0,1.64,32.6,Rural,Moderate,0
36.0,4.92,50.0,Rural,High,0
0.0,4.92,77.0,Suburban,Low,1
36.0,4.66,31.0,Urban,Moderate,0
140.0,4.04,,Urban,Moderate,0
231.0,1.97,54.3,Urban,High,1
135.0,4.18,26.9,Rural,High,0
187.0,2.34,40.6,Urban,High,1
127.0,1.97,61.8,Suburban,Moderate,0
200.0,3.85,,Suburban,Low,0
126.0,0.86,14.8,Urban,Low,0
256.0,0.72,21.8,Rural,Moderate,0
163.0,2.52,65.4,Suburban,Low,1
34.0,2.51,55.4,Suburban,High,1
193.0,4.53,49.9,Rural,Moderate,0
190.0,1.07,21.7,Rural,Low,1
103.0,1.05,68.6,Urban,Moderate,1
22.0,1.16,77.3,Suburban,Low,0
264.0,0.63,12.9,Suburban,Moderate,0
289.0,0.82,15.5,Urban,Low,1
259.0,3.47,71.9,Urban,Moderate,1
74.0,2.44,67.1,Suburban,Moderate,1
71.0,3.94,53.3,Suburban,Moderate,1
258.0,4.97,76.1,Rural,Moderate,0
187.0,3.47,55.3,Rural,Moderate,1
172.0,0.73,25.1,Suburban,High,1
289.0,0.97,61.0,Suburban,Moderate,1
44.0,4.46,55.2,Rural,Moderate,0
60.0,2.87,79.0,Urban,Moderate,1
82.0,4.21,25.0,Urban,Low,1
122.0,4.35,51.9,Suburban,Moderate,0
15.0,4.67,64.6,Suburban,High,0
65.0,4.77,33.7,Rural,Moderate,1
144.0,3.0,,Suburban,Low,0
161.0,2.03,72.2,Urban,Low,1
,4.83,38.3,Rural,Moderate,1
143.0,2.96,53.7,Rural,Moderate,0
187.0,0.79,72.2,Urban,Moderate,0
12.0,3.39,24.7,Urban,Moderate,0
183.0,3.14,78.7,Rural,Low,1
,4.53,59.1,Suburban,Moderate,0
289.0,3.44,44.7,Urban,Low,1
294.0,2.07,40.2,Rural,Low,0
214.0,4.85,76.8,Suburban,High,1
119.0,4.11,24.4,Suburban,Low,1
54.0,3.34,31.8,Rural,Moderate,0
26.0,1.82,31.5,Urban,Moderate,0
117.0,2.18,30.2,Suburban,Moderate,1
220.0,3.51,42.8,Urban,Moderate,0
230.0,0.82,79.2,Rural,High,0
52.0,1.66,72.2,Urban,High,0
294.0,3.71,33.0,Suburban,High,0
232.0,2.66,39.6,Rural,High,0
157.0,2.31,56.9,Suburban,Low,0
268.0,1.18,11.2,Suburban,High,0
20.0,2.49,67.4,Rural,Low,1
52.0,3.97,71.6,Rural,Moderate,0
274.0,1.69,70.0,Urban,Low,1
280.0,0.52,36.3,Rural,Low,0
213.0,3.51,42.3,Urban,High,1
30.0,4.88,10.9,Rural,Moderate,1
182.0,3.23,38.0,Suburban,Moderate,0
22.0,1.04,42.2,Urban,High,0
31.0,1.94,73.5,Rural,Low,0
73.0,4.4,72.6,Urban,High,0
9.0,,77.6,Urban,Low,1
53.0,3.23,72.0,Urban,High,1
51.0,2.31,10.6,Suburban,High,0
147.0,1.44,54.9,Rural,Moderate,1
159.0,4.16,,Rural,Moderate,0
13.0,3.84,29.1,Urban,Moderate,1
177.0,3.48,50.5,Rural,High,0
52.0,1.56,59.0,Suburban,Moderate,1
21.0,0.94,55.8,Urban,Moderate,0
29.0,3.09,13.4,Suburban,High,1
190.0,2.99,17.3,Suburban,Moderate,0
259.0,1.35,19.0,Rural,Low,0
204.0,0.75,16.4,Rural,Moderate,1
58.0,0.86,,Urban,Low,1
263.0,4.97,58.2,Suburban,Moderate,1
11.0,4.03,68.2,Rural,High,1
118.0,4.65,38.6,Urban,High,1
289.0,1.38,58.5,Urban,Moderate,0
247.0,4.82,24.0,Rural,Low,1
126.0,1.14,78.1,Suburban,Moderate,1
74.0,2.79,34.5,Urban,High,1
203.0,4.23,69.2,Rural,Moderate,1
48.0,2.07,76.2,Urban,High,0
78.0,2.41,70.5,Rural,Low,0
240.0,1.08,14.7,Urban,Low,0
153.0,1.05,55.5,Suburban,High,0
273.0,3.29,18.4,Urban,Low,1
95.0,3.54,10.4,Rural,High,0
213.0,4.0,13.6,Rural,High,0
293.0,3.01,74.1,Rural,High,1
208.0,3.41,73.6,Suburban,Moderate,1
87.0,0.56,25.8,Rural,Low,1
263.0,1.23,48.3,Rural,Moderate,1
156.0,4.93,76.9,Suburban,Moderate,1
155.0,0.84,44.8,Rural,Low,1
138.0,3.55,37.6,Rural,Moderate,0
120.0,1.29,43.8,Suburban,High,0
64.0,3.73,65.3,Urban,Moderate,1
106.0,3.68,43.4,Rural,High,0
146.0,1.55,64.8,Urban,Low,1
136.0,1.71,40.2,Suburban,Moderate,1
161.0,3.45,27.6,Rural,Low,0
99.0,2.26,32.9,Rural,High,0
,1.38,15.4,Suburban,Moderate,0
82.0,3.79,44.8,Rural,High,0
176.0,1.19,20.4,Urban,High,0
197.0,4.35,66.8,Urban,High,1
111.0,2.82,39.4,Suburban,Low,0
55.0,0.98,63.6,Rural,Low,0
178.0,3.62,76.8,Rural,Low,1
185.0,2.84,69.5,Suburban,Moderate,0
,1.84,76.6,Urban,High,0
216.0,2.4,49.8,Urban,Low,0
119.0,,21.6,Suburban,High,0
174.0,1.68,75.5,Rural,Low,0
22.0,1.24,70.8,Urban,High,1
212.0,2.13,70.5,Rural,Low,0
234.0,1.63,58.5,Urban,Low,0
12.0,3.58,53.7,Rural,Low,1
100.0,3.58,11.0,Urban,Low,0
23.0,2.76,,Rural,High,1
10.0,4.0,16.4,Suburban,Low,1
272.0,4.29,28.2,Urban,Low,1
280.0,3.11,48.6,Suburban,Low,0
93.0,3.29,41.6,Urban,High,0
200.0,1.77,11.1,Urban,Low,0
20.0,4.53,67.7,Urban,High,0
210.0,0.61,71.5,Rural,Moderate,1
139.0,2.07,,Urban,High,1
292.0,3.75,47.9,Suburban,Moderate,1
297.0,,77.3,Rural,Low,0
100.0,1.32,18.4,Rural,Low,1
27.0,3.15,61.7,Urban,High,0
40.0,3.02,19.0,Rural,Low,1
145.0,3.83,36.7,Urban,Low,1
255.0,4.16,51.0,Suburban,High,1
226.0,1.08,61.6,Rural,Low,0
235.0,0.58,10.3,Rural,Moderate,1
12.0,3.6,28.2,Suburban,Moderate,1
209.0,1.86,47.7,Suburban,Low,0
228.0,3.32,47.3,Urban,Low,1
99.0,1.18,54.6,Rural,Moderate,1
30.0,2.61,31.3,Suburban,Low,0
15.0,2.77,47.8,Rural,Moderate,0
136.0,3.13,23.3,Suburban,High,0
165.0,2.81,23.1,Rural,Moderate,0
99.0,2.73,50.4,Suburban,Low,1
108.0,2.0,58.0,Rural,Low,1
172.0,0.82,18.4,Urban,Moderate,0
236.0,0.9,18.6,Rural,Moderate,1
161.0,2.45,49.6,Urban,Low,1
215.0,2.1,28.9,Urban,Low,0
263.0,2.82,37.5,Urban,Low,1
262.0,1.87,38.1,Rural,High,1
291.0,3.6,22.5,Rural,High,1
273.0,4.39,10.1,Urban,Moderate,0
2.0,1.84,69.7,Suburban,Moderate,1
27.0,1.37,60.1,Rural,High,1
148.0,1.02,58.3,Rural,High,1
27.0,3.27,48.3,Rural,Moderate,0
64.0,2.5,59.1,Rural,High,0
20.0,1.35,75.5,Urban,Moderate,1
251.0,3.44,56.6,Suburban,Low,1
234.0,1.17,28.6,Suburban,Moderate,0
226.0,2.99,49.9,Suburban,High,0
12.0,2.87,41.0,Suburban,High,0
48.0,3.8,48.9,Urban,High,0
117.0,0.75,46.2,Rural,Moderate,1
53.0,,70.1,Rural,High,0
137.0,3.66,55.6,Urban,Moderate,0
52.0,1.47,,Rural,Low,0
43.0,1.33,14.4,Urban,Low,0
52.0,2.44,39.7,Suburban,High,1
73.0,4.18,11.1,Urban,Moderate,1
45.0,4.29,32.3,Rural,Moderate,1
12.0,2.84,,Rural,High,1
,4.37,36.3,Rural,Moderate,0
101.0,0.52,78.6,Suburban,High,1
279.0,0.66,31.3,Urban,High,1
257.0,4.6,28.6,Urban,Low,0
137.0,3.99,19.1,Rural,High,1
162.0,2.53,45.8,Urban,Moderate,1
110.0,3.89,20.8,Rural,High,1
101.0,4.8,53.1,Urban,Low,0
16.0,3.97,20.9,Suburban,Low,0
267.0,4.29,50.4,Suburban,Moderate,0
181.0,3.92,67.8,Urban,High,1
23.0,1.26,13.0,Suburban,Moderate,0
28.0,4.25,39.4,Suburban,Moderate,0
170.0,1.38,42.3,Suburban,High,1
227.0,4.52,65.4,Rural,Low,0
187.0,2.56,42.8,Urban,Moderate,1
229.0,3.55,49.7,Urban,Moderate,1
118.0,2.74,65.4,Rural,Low,0
155.0,0.92,49.2,Rural,High,1
271.0,1.81,35.1,Suburban,High,1
174.0,4.93,16.0,Urban,High,1
103.0,4.82,61.1,Rural,Low,0
91.0,1.94,71.0,Suburban,Moderate,1
185.0,4.98,77.9,Urban,Low,0
282.0,4.3,74.9,Suburban,Moderate,0
180.0,3.25,65.8,Urban,Moderate,1
169.0,0.68,55.0,Suburban,High,1
186.0,4.56,64.7,Urban,High,1
174.0,3.01,40.2,Urban,High,1
221.0,4.41,51.6,Urban,Low,1
232.0,4.25,34.4,Urban,High,0
161.0,4.25,32.9,Suburban,Low,0
133.0,3.64,63.0,Rural,High,1
223.0,1.81,41.8,Urban,High,0
152.0,2.01,24.9,Urban,High,0
32.0,1.89,24.1,Urban,Low,0
54.0,0.59,70.1,Urban,Moderate,1
6.0,3.12,57.4,Suburban,Low,0
243.0,3.64,48.2,Rural,Low,0
125.0,4.34,38.1,Rural,Low,0
11.0,1.13,40.2,Rural,Moderate,1
15.0,2.95,14.0,Suburban,Low,0
207.0,0.54,41.8,Rural,High,1
42.0,0.93,65.7,Suburban,Moderate,0
134.0,0.74,37.2,Suburban,Low,1
227.0,3.76,36.9,Urban,Low,0
110.0,0.86,11.1,Suburban,Moderate,1
159.0,3.72,42.0,Rural,Low,0
,1.62,11.8,Rural,Moderate,1
224.0,4.45,49.9,Rural,High,1
216.0,4.16,45.5,Urban,Low,0
44.0,4.81,68.8,Urban,Low,0
213.0,4.48,50.7,Urban,High,1
58.0,4.7,32.6,Suburban,Low,1
131.0,4.36,46.1,Rural,Low,0
103.0,3.62,59.0,Suburban,Moderate,1
194.0,1.27,16.6,Suburban,Low,0
156.0,1.72,53.5,Rural,High,0
97.0,1.46,74.2,Urban,Low,1
225.0,3.22,30.9,Rural,Moderate,0
204.0,2.77,53.9,Suburban,High,1
78.0,4.4,67.5,Suburban,High,0
123.0,4.79,45.8,Urban,High,0
217.0,2.32,60.3,Suburban,High,0
3.0,2.78,31.8,Suburban,Moderate,0
89.0,4.87,31.4,Rural,Moderate,0
103.0,1.74,56.7,Urban,Moderate,0
118.0,4.07,59.4,Rural,Moderate,0
132.0,1.51,75.6,Rural,Low,0
95.0,3.57,25.7,Rural,Moderate,0
142.0,1.64,42.8,Suburban,Low,0
287.0,4.48,27.5,Suburban,High,0
27.0,3.03,15.6,Urban,Low,0
277.0,1.34,38.2,Suburban,Low,1
232.0,1.51,36.2,Urban,Low,1
16.0,,28.9,Rural,Moderate,0
58.0,4.83,30.8,Rural,Moderate,0
89.0,3.96,35.2,Suburban,High,1
198.0,2.7,79.2,Suburban,Moderate,0
25.0,2.02,64.8,Urban,Low,0
24.0,2.97,15.0,Suburban,Moderate,0
266.0,3.87,71.1,Suburban,Moderate,1
180.0,4.03,54.3,Suburban,Low,0
67.0,,72.3,Rural,High,1
48.0,3.75,33.9,Suburban,Moderate,1
174.0,3.46,42.5,Suburban,High,0
51.0,4.82,72.7,Rural,Low,1
101.0,4.69,29.1,Rural,Moderate,1
215.0,4.05,74.1,Rural,High,1
187.0,3.76,68.0,Rural,High,0
,1.73,78.6,Suburban,Low,0
46.0,4.31,32.7,Suburban,Moderate,1
158.0,2.42,26.5,Suburban,High,0
173.0,1.73,33.2,Urban,High,1
241.0,2.23,,Rural,High,0
281.0,4.26,33.3,Suburban,High,0
240.0,1.17,49.6,Suburban,High,1
4.0,2.55,38.3,Suburban,High,0
83.0,2.72,37.7,Rural,High,1
247.0,0.66,23.5,Rural,High,0
53.0,1.38,47.6,Rural,High,1
160.0,4.22,69.5,Suburban,High,0
225.0,4.24,13.5,Rural,Moderate,1
14.0,1.82,72.2,Suburban,Low,0
223.0,4.44,56.6,Urban,Low,0
60.0,3.97,53.2,Rural,Low,1
121.0,2.38,53.8,Rural,High,0
,3.87,30.7,Suburban,Low,1
45.0,4.83,39.1,Rural,High,0
293.0,2.57,66.0,Rural,Moderate,1
61.0,1.57,31.4,Suburban,Low,1
85.0,4.74,42.9,Suburban,Moderate,1
209.0,3.22,11.4,Suburban,Moderate,1
77.0,0.97,61.3,Urban,High,1
201.0,3.08,39.2,Suburban,Low,1
222.0,2.75,46.8,Rural,Moderate,1
221.0,4.35,18.0,Urban,Low,1
2.0,2.89,79.4,Suburban,Moderate,0
5.0,1.65,31.2,Urban,Moderate,0
92.0,3.54,54.4,Urban,High,0
7.0,2.94,50.7,Rural,Low,0
234.0,1.55,65.0,Urban,High,1
107.0,3.08,30.6,Suburban,High,1
160.0,4.2,62.9,Urban,High,0
208.0,0.63,36.8,Urban,High,0
239.0,3.34,38.8,Rural,High,1
49.0,2.07,57.1,Rural,Moderate,0
10.0,1.82,64.9,Suburban,Low,1
155.0,2.27,56.7,Rural,Low,0
69.0,2.04,73.0,Suburban,High,1
168.0,4.25,,Suburban,Low,1
271.0,1.74,73.0,Rural,Moderate,0
67.0,3.8,19.2,Urban,High,0
251.0,0.92,56.2,Rural,Moderate,1
47.0,4.78,48.3,Urban,Moderate,0
183.0,3.3,44.6,Urban,High,0
186.0,3.68,31.8,Suburban,Moderate,1
89.0,1.84,45.3,Suburban,High,0
138.0,2.35,21.3,Rural,Moderate,0
88.0,1.51,35.9,Urban,Low,1
273.0,4.7,16.9,Rural,Low,1
18.0,2.7,50.0,Suburban,Low,1
153.0,3.34,16.7,Urban,High,0
259.0,3.8,21.2,Rural,Moderate,1
107.0,2.17,16.0,Rural,Moderate,0
284.0,3.74,36.7,Suburban,Low,0
58.0,3.54,68.9,Suburban,Low,0
124.0,3.68,73.5,Suburban,High,0
272.0,2.7,,Suburban,High,1
106.0,2.22,54.4,Rural,Moderate,0
298.0,1.5,57.9,Suburban,High,0
244.0,4.21,,Suburban,High,0
246.0,3.24,56.7,Rural,High,1
7.0,2.5,26.4,Rural,Low,1
140.0,4.75,44.3,Urban,Low,1
7.0,0.72,37.4,Rural,Moderate,0
93.0,4.33,16.3,Urban,High,0
38.0,4.99,53.8,Suburban,Low,1
80.0,4.49,44.7,Urban,High,1
186.0,,29.3,Urban,Moderate,0
83.0,,43.2,Suburban,High,1
87.0,1.54,64.3,Suburban,Moderate,0
241.0,3.81,66.1,Suburban,Moderate,1
92.0,1.87,55.5,Urban,Low,0
85.0,,42.7,Rural,High,0
43.0,4.04,50.3,Rural,Low,0
136.0,1.91,37.0,Rural,High,1
73.0,4.61,18.9,Suburban,High,1
35.0,4.28,37.0,Suburban,Moderate,0
100.0,4.31,47.1,Rural,Moderate,1
155.0,3.97,51.9,Suburban,High,0
254.0,4.46,75.5,Urban,Low,1
170.0,4.13,64.4,Urban,Moderate,1
215.0,3.21,20.6,Suburban,Moderate,0
169.0,1.83,22.2,Rural,High,1
251.0,4.5,17.0,Rural,High,1
,4.28,61.7,Urban,Moderate,0
90.0,2.63,59.4,Suburban,Low,0
277.0,0.68,79.0,Rural,Moderate,0
100.0,3.37,46.5,Rural,High,0
154.0,0.73,67.8,Suburban,Moderate,1
140.0,4.67,50.4,Suburban,High,1
172.0,4.83,71.2,Rural,Moderate,0
9.0,1.35,60.5,Suburban,High,1
227.0,3.54,55.0,Suburban,High,0
,0.92,49.6,Suburban,Low,0
247.0,3.78,60.6,Rural,High,0
246.0,2.06,39.4,Urban,Moderate,1
154.0,3.56,16.8,Suburban,High,1
33.0,2.18,12.8,Rural,Moderate,1
128.0,1.16,43.5,Urban,Low,0
159.0,2.33,52.0,Rural,Moderate,0
88.0,1.01,15.5,Rural,Low,1
92.0,3.1,30.1,Rural,Low,1
240.0,0.68,32.5,Urban,High,1
116.0,2.87,49.4,Rural,Low,1
93.0,4.49,29.5,Urban,Moderate,0
162.0,4.27,16.7,Suburban,Low,1
98.0,4.47,21.5,Urban,Low,1
112.0,4.65,22.2,Rural,High,0
90.0,0.97,,Urban,Moderate,1
205.0,1.08,29.9,Rural,Low,1
,3.01,60.0,Suburban,High,1
273.0,4.52,49.7,Urban,High,0
172.0,4.88,78.4,Suburban,Moderate,0
115.0,0.71,29.1,Urban,High,1
180.0,2.1,21.1,Rural,Low,0
90.0,1.46,13.6,Urban,High,1
81.0,3.9,26.9,Suburban,Moderate,1
113.0,3.38,57.9,Urban,Moderate,0
256.0,1.04,,Suburban,High,1
57.0,2.68,27.1,Suburban,Low,0
153.0,3.58,69.9,Rural,High,0
,4.01,,Urban,Moderate,0
265.0,0.59,14.9,Suburban,High,1
202.0,4.51,13.3,Rural,High,1
40.0,3.06,14.3,Rural,Low,1
104.0,4.15,75.9,Rural,High,1
192.0,4.14,69.5,Suburban,Low,0
277.0,1.35,69.1,Urban,High,1
236.0,1.0,74.7,Suburban,High,1
,3.75,45.4,Rural,Low,0
67.0,1.2,27.3,Suburban,Low,0
196.0,4.32,38.1,Suburban,Moderate,1
255.0,3.77,60.3,Rural,Low,0
138.0,4.29,71.3,Urban,High,1
148.0,1.85,40.5,Rural,Moderate,1
98.0,1.92,47.5,Rural,Low,0
75.0,,75.2,Suburban,Low,0
281.0,0.64,17.5,Rural,Moderate,1
108.0,3.77,70.4,Suburban,High,1
187.0,,21.2,Rural,High,1
198.0,2.37,43.9,Rural,Moderate,1
153.0,3.94,25.3,Urban,High,1
39.0,1.29,52.2,Rural,Low,0
132.0,1.95,49.1,Urban,High,1
131.0,4.88,36.6,Rural,Low,0
278.0,,70.4,Rural,High,0
83.0,2.81,56.2,Rural,Low,0
241.0,4.7,60.5,Urban,Moderate,1
115.0,2.85,20.5,Suburban,Low,1
108.0,1.81,71.8,Urban,High,0
,1.7,21.7,Rural,Low,0
40.0,4.68,25.6,Suburban,High,0
146.0,1.28,19.0,Rural,High,0
111.0,3.11,40.8,Urban,Low,0
102.0,3.0,72.1,Urban,High,1
45.0,3.83,27.7,Suburban,Moderate,0
270.0,2.75,36.2,Urban,High,1
194.0,1.73,69.2,Rural,Moderate,0
279.0,1.26,53.2,Suburban,Moderate,0
282.0,3.29,62.6,Rural,High,1
39.0,3.74,25.0,Suburban,Moderate,1
188.0,3.06,60.2,Suburban,Moderate,0
163.0,3.82,25.9,Rural,Low,1
23.0,1.14,79.1,Urban,Moderate,1
23.0,4.47,49.2,Rural,Moderate,0
3.0,,58.7,Urban,Moderate,0
289.0,1.07,18.3,Urban,Moderate,0
180.0,2.58,27.5,Rural,Moderate,1
247.0,4.3,19.8,Suburban,High,0
115.0,4.54,37.3,Rural,Moderate,0
278.0,1.69,29.9,Suburban,High,1
68.0,3.7,61.3,Urban,High,0
253.0,0.95,17.6,Suburban,High,1
180.0,0.65,62.6,Rural,Low,1
168.0,3.02,13.2,Suburban,Low,0
248.0,3.63,24.1,Urban,High,1
187.0,4.08,65.4,Urban,Low,1
53.0,2.03,62.0,Suburban,Moderate,0
137.0,0.53,43.3,Urban,High,1
167.0,2.66,13.5,Urban,High,0
102.0,0.57,52.7,Suburban,High,0
84.0,0.91,,Urban,Low,0
211.0,1.97,32.2,Suburban,Low,0
2.0,2.47,54.8,Suburban,Low,0
178.0,1.76,40.6,Urban,Moderate,1
37.0,3.12,16.5,Suburban,Low,1
238.0,,74.1,Urban,High,1
168.0,1.15,64.5,Urban,Low,0
29.0,3.63,,Urban,Low,0
189.0,1.14,46.8,Rural,Low,0
24.0,3.38,15.8,Urban,Low,0
111.0,0.75,68.6,Suburban,High,1
205.0,2.33,52.9,Suburban,Low,1
184.0,1.3,22.1,Suburban,High,0
46.0,0.99,11.5,Rural,Low,0
227.0,3.05,12.2,Rural,Moderate,0
38.0,4.68,45.5,Suburban,Moderate,1
15.0,0.75,61.4,Suburban,High,1
21.0,2.4,18.5,Rural,High,0
212.0,3.68,25.5,Suburban,Moderate,0
148.0,2.58,32.9,Urban,Moderate,1
240.0,4.13,25.3,Urban,Low,1
271.0,1.31,37.4,Suburban,Moderate,0
58.0,4.82,49.2,Urban,High,0
286.0,2.23,57.9,Suburban,High,0
,2.04,77.5,Rural,Moderate,1
31.0,4.44,75.2,Suburban,High,0
161.0,3.04,49.9,Rural,Low,1
254.0,2.82,61.4,Urban,Low,0
253.0,3.77,76.6,Urban,Moderate,0
,3.11,15.8,Urban,High,0
138.0,,10.4,Suburban,Moderate,1
9.0,3.53,12.1,Rural,High,0
213.0,1.1,49.4,Rural,High,1
272.0,4.13,63.4,Urban,High,0
47.0,4.95,35.7,Urban,Low,1
110.0,2.2,48.2,Rural,High,0
152.0,2.5,,Suburban,Low,1
122.0,0.71,16.6,Urban,High,0
101.0,0.56,32.5,Suburban,Moderate,1
240.0,4.65,11.4,Urban,Low,1
190.0,,17.7,Urban,Low,0
216.0,2.51,66.8,Suburban,Low,1
50.0,4.17,68.1,Suburban,Moderate,1
291.0,4.5,66.1,Suburban,Low,0
80.0,2.84,60.9,Suburban,Moderate,1
87.0,3.04,,Rural,High,0
193.0,3.51,57.0,Rural,High,0
103.0,4.83,56.9,Urban,Moderate,1
270.0,3.21,56.7,Urban,Low,1
95.0,,46.0,Urban,Low,1
197.0,0.57,35.4,Rural,Moderate,1
0.0,0.86,61.1,Suburban,High,1
166.0,3.1,30.9,Urban,Moderate,0
125.0,4.71,48.0,Rural,Low,0
80.0,4.4,40.3,Urban,Low,1
250.0,4.92,29.4,Rural,Low,1
168.0,2.88,78.2,Suburban,Low,1
72.0,4.05,28.1,Rural,High,1
140.0,4.28,31.7,Suburban,High,1
69.0,3.42,21.3,Urban,High,0
261.0,2.02,67.6,Suburban,Low,0
,2.61,51.1,Rural,Low,0
2.0,4.36,52.9,Urban,Low,1
62.0,1.84,67.4,Urban,Moderate,1
48.0,4.66,34.0,Rural,Low,1
75.0,1.53,23.6,Suburban,High,0
174.0,3.87,23.9,Rural,High,0
108.0,3.34,61.3,Suburban,High,0
182.0,3.87,53.0,Suburban,Moderate,0
191.0,2.47,24.4,Urban,High,1
64.0,4.7,20.2,Suburban,Moderate,1
270.0,3.35,18.4,Urban,Moderate,1
99.0,1.8,53.9,Rural,Moderate,1
31.0,3.37,10.0,Rural,Low,1
127.0,1.79,11.3,Urban,Low,1
,1.82,37.3,Urban,High,0
77.0,2.3,58.4,Suburban,High,1
288.0,4.34,58.7,Urban,Moderate,1
269.0,2.75,40.1,Rural,Low,1
161.0,3.56,58.4,Urban,High,1
188.0,2.26,46.5,Urban,High,1
246.0,1.69,78.4,Urban,Low,1
215.0,4.8,21.4,Suburban,Moderate,1
167.0,3.22,52.0,Urban,High,1
192.0,4.7,44.4,Suburban,High,0
282.0,1.42,23.6,Suburban,Low,0
12.0,1.16,62.5,Urban,Low,0
239.0,,29.3,Suburban,Moderate,1
146.0,3.56,36.7,Urban,Moderate,0
203.0,1.34,36.2,Rural,High,1
,1.71,27.1,Rural,Moderate,0
42.0,4.1,40.1,Suburban,High,0
88.0,2.54,43.1,Rural,High,1
147.0,3.52,,Urban,Low,1
94.0,1.93,63.6,Suburban,High,1
150.0,2.22,21.1,Urban,Low,1
1.0,4.96,51.5,Suburban,High,0
21.0,1.61,72.7,Suburban,High,0
,2.78,17.6,Suburban,High,1
205.0,4.3,43.1,Suburban,Moderate,0
113.0,1.58,62.5,Rural,Moderate,0
271.0,2.37,52.8,Rural,Low,0
82.0,3.27,17.0,Rural,High,1
178.0,,37.8,Suburban,Low,1
209.0,2.57,45.5,Rural,Low,1
123.0,2.13,79.7,Suburban,High,0
112.0,3.14,22.5,Rural,Moderate,1
11.0,3.31,78.8,Suburban,Moderate,1
125.0,3.44,36.3,Rural,Low,0
52.0,0.82,24.0,Rural,Moderate,1
282.0,3.34,39.0,Rural,High,1
139.0,4.79,53.0,Suburban,High,1
96.0,2.93,24.9,Suburban,Moderate,0
4.0,3.72,30.4,Rural,Moderate,1
56.0,3.01,69.8,Suburban,Low,0
68.0,4.35,79.9,Urban,Moderate,0
117.0,4.68,32.3,Rural,Low,0
58.0,1.33,20.4,Rural,High,0
32.0,2.47,65.5,Urban,High,0
49.0,2.27,52.0,Suburban,High,0
18.0,2.32,,Suburban,Moderate,1
213.0,1.06,76.3,Suburban,Moderate,1
196.0,4.16,15.5,Rural,Moderate,0
46.0,0.66,53.8,Rural,Low,0
166.0,2.88,,Rural,Low,1
288.0,3.48,49.0,Rural,Low,1
140.0,1.43,,Rural,High,1
83.0,4.58,58.2,Suburban,Low,0
181.0,4.27,77.2,Urban,Moderate,0
78.0,2.62,42.1,Suburban,Moderate,1
214.0,2.35,46.6,Suburban,High,0
13.0,1.56,26.8,Rural,Moderate,0
214.0,3.78,72.4,Urban,Moderate,0
127.0,1.09,78.0,Urban,Moderate,0
247.0,3.56,65.0,Suburban,Low,1
28.0,,48.0,Urban,Low,0
279.0,,77.0,Suburban,Moderate,0
201.0,4.4,20.8,Suburban,Moderate,0
56.0,0.65,43.5,Suburban,Moderate,0
217.0,4.61,47.6,Suburban,Moderate,1
61.0,1.03,44.4,Rural,Low,0
,,66.2,Urban,High,0
201.0,1.63,56.9,Rural,Moderate,1
16.0,4.26,18.9,Rural,Low,0
5.0,2.81,34.3,Rural,Moderate,0
57.0,1.11,33.7,Suburban,High,0
168.0,3.07,49.6,Suburban,Low,0
81.0,2.34,30.4,Rural,Low,1
218.0,3.48,18.2,Rural,High,1
176.0,4.47,55.8,Urban,High,1
203.0,2.34,69.6,Rural,Low,0
70.0,1.8,75.2,Suburban,High,0
,0.57,78.1,Rural,Moderate,1
97.0,,64.7,Urban,High,1
290.0,2.31,19.8,Urban,High,0
207.0,2.19,69.7,Rural,Low,0
1.0,1.32,38.0,Urban,High,0
123.0,2.44,61.1,Urban,Low,0
279.0,4.93,47.2,Suburban,Moderate,0
73.0,1.84,68.0,Urban,High,0
165.0,,39.8,Urban,High,0
21.0,3.99,14.3,Rural,Low,0
153.0,3.87,49.0,Suburban,Low,0
294.0,1.98,22.0,Urban,High,0
218.0,3.25,77.6,Rural,Low,1
156.0,4.42,46.9,Rural,High,0
229.0,0.57,48.7,Rural,Moderate,0
19.0,,73.5,Rural,High,0
40.0,1.51,53.7,Rural,Moderate,1
147.0,2.25,31.2,Rural,Moderate,0
107.0,2.37,30.7,Urban,Low,1
83.0,,45.1,Suburban,Low,0
289.0,0.92,70.7,Suburban,Low,1
,2.81,65.6,Rural,Low,1
206.0,3.04,77.4,Rural,High,0
282.0,2.72,15.0,Suburban,Moderate,1
265.0,3.79,28.8,Urban,High,1
72.0,2.23,15.6,Rural,Moderate,0
47.0,4.75,62.6,Suburban,Moderate,0
232.0,2.67,,Suburban,Moderate,0
99.0,3.07,17.0,Rural,High,0
58.0,4.21,49.3,Suburban,Low,0
257.0,1.74,38.8,Urban,High,0
64.0,0.84,,Suburban,Moderate,1
82.0,3.69,44.1,Rural,High,1
153.0,2.67,,Rural,Moderate,0
265.0,4.53,39.8,Suburban,Low,0
78.0,4.92,71.0,Suburban,Low,0
149.0,2.3,37.7,Rural,High,0
47.0,2.37,33.3,Urban,Low,1
247.0,2.34,33.7,Suburban,Moderate,1
277.0,1.96,23.8,Urban,Moderate,0
97.0,,70.2,Urban,Low,1
24.0,3.92,20.3,Rural,Low,1
283.0,2.65,73.6,Rural,Low,0
67.0,0.7,29.8,Rural,High,0
,1.89,73.0,Urban,High,1
136.0,1.82,65.4,Rural,Moderate,0
163.0,4.15,50.7,Rural,High,0
82.0,0.89,,Urban,High,0
137.0,4.13,32.8,Urban,Moderate,1
,3.51,50.2,Urban,Moderate,1
236.0,,30.5,Urban,Low,1
45.0,2.44,38.2,Suburban,Low,1
105.0,3.56,63.5,Rural,High,0
287.0,,27.1,Suburban,Moderate,0
261.0,3.96,68.7,Urban,High,1
,2.51,36.3,Urban,High,1
165.0,2.63,47.3,Urban,Moderate,0
144.0,3.4,75.9,Urban,Moderate,1
282.0,0.99,57.7,Urban,Moderate,1
53.0,2.46,55.2,Rural,Moderate,1
177.0,4.87,59.8,Suburban,High,1
243.0,0.67,74.3,Suburban,High,1
,1.92,27.4,Rural,High,1
270.0,1.91,52.9,Rural,Moderate,1
131.0,3.35,38.0,Rural,Low,0
92.0,0.98,10.8,Suburban,High,0
72.0,3.33,18.8,Suburban,Low,0
247.0,0.93,,Urban,Low,1
272.0,0.93,49.5,Suburban,Low,0
42.0,3.78,71.7,Suburban,Moderate,0
40.0,1.96,65.4,Rural,Moderate,0
169.0,4.9,48.7,Suburban,High,0
211.0,0.67,15.2,Urban,High,1
167.0,2.5,30.0,Suburban,Moderate,0
38.0,1.01,35.7,Rural,Moderate,0
244.0,2.08,53.5,Rural,Low,0
150.0,4.99,14.5,Urban,Moderate,0
110.0,4.5,47.1,Urban,Moderate,1
46.0,0.72,73.1,Suburban,Moderate,1
62.0,3.03,59.4,Urban,Moderate,0
224.0,3.42,65.8,Urban,Low,0
68.0,1.44,57.7,Rural,High,0
298.0,1.15,24.5,Rural,Low,0
289.0,4.57,17.7,Suburban,Moderate,1
295.0,4.86,68.1,Suburban,Moderate,1
202.0,4.96,58.7,Suburban,High,0
60.0,4.05,50.3,Suburban,High,1
160.0,3.49,23.2,Rural,High,1
,2.06,52.2,Suburban,Low,0
93.0,1.27,12.2,Suburban,High,0
137.0,0.86,18.3,Urban,Moderate,1
37.0,3.62,,Suburban,Moderate,1
126.0,4.03,41.1,Urban,Moderate,1
274.0,4.22,18.4,Rural,Low,0
163.0,4.61,,Suburban,High,0
76.0,4.46,60.8,Urban,High,0
173.0,5.0,49.9,Suburban,High,0
90.0,,47.4,Urban,High,1
237.0,3.93,41.7,Suburban,Moderate,0
263.0,3.14,78.4,Rural,Low,1
178.0,1.68,13.5,Rural,High,1
208.0,4.92,22.6,Urban,Moderate,1
72.0,4.54,55.3,Urban,Moderate,1
106.0,1.08,19.5,Rural,Low,0
294.0,0.62,51.3,Suburban,High,1
283.0,3.6,49.7,Urban,Low,1
181.0,3.22,78.0,Rural,High,0
36.0,4.71,71.8,Urban,Low,1
136.0,1.55,76.2,Rural,High,0
55.0,0.88,18.0,Rural,High,0
186.0,,70.8,Urban,Low,0
257.0,0.59,19.0,Urban,High,0
57.0,0.66,54.3,Rural,Low,1
,4.62,60.4,Suburban,Low,0
187.0,2.08,21.3,Rural,High,1
229.0,2.35,54.3,Suburban,High,1
167.0,0.58,13.7,Suburban,Low,0
113.0,1.72,30.5,Suburban,Moderate,1
251.0,4.12,74.5,Urban,Low,1
106.0,3.27,22.0,Rural,Moderate,1
36.0,3.89,14.6,Rural,Moderate,0
91.0,2.51,41.1,Suburban,Low,1
17.0,1.89,69.5,Suburban,Low,0
62.0,2.67,15.4,Suburban,Low,0
149.0,1.95,34.9,Rural,Moderate,0
138.0,4.28,73.0,Suburban,Low,1
185.0,1.84,18.3,Rural,Low,1
184.0,3.47,31.7,Rural,High,1
204.0,1.12,64.5,Urban,High,0
259.0,3.59,48.0,Suburban,High,1
213.0,4.61,68.3,Suburban,Low,0
255.0,3.24,17.8,Suburban,Low,0
134.0,3.02,74.4,Urban,Low,1
60.0,4.83,75.4,Suburban,Moderate,1
87.0,3.32,20.9,Rural,Moderate,0
206.0,1.67,12.4,Suburban,High,0
128.0,1.82,79.3,Rural,Moderate,1
2.0,3.67,43.8,Rural,Moderate,1
241.0,3.81,50.0,Rural,Moderate,1
120.0,1.87,53.1,Rural,High,0
101.0,2.05,65.3,Suburban,High,1
37.0,4.96,66.8,Urban,Moderate,1
132.0,0.96,23.6,Urban,Low,0
201.0,2.32,26.6,Rural,High,0
20.0,0.78,71.4,Suburban,Moderate,1
241.0,4.19,67.4,Urban,Low,1
108.0,0.92,53.2,Suburban,Low,1
83.0,3.53,79.6,Urban,High,0
82.0,0.75,61.5,Rural,Low,1
290.0,3.53,25.1,Rural,High,0
68.0,4.29,69.3,Rural,Moderate,1
128.0,2.29,39.0,Urban,High,0
195.0,2.85,12.5,Suburban,Low,1
139.0,2.31,32.5,Rural,High,1
282.0,1.85,63.4,Suburban,High,1
233.0,4.11,77.2,Suburban,Moderate,0
22.0,1.72,29.3,Rural,Low,0
152.0,3.75,27.3,Urban,High,0
276.0,1.43,49.5,Rural,Moderate,0
60.0,1.62,66.8,Rural,Moderate,1
51.0,2.01,62.3,Urban,Moderate,0
152.0,3.15,49.2,Suburban,Moderate,0
236.0,2.54,54.2,Urban,Moderate,1
31.0,3.85,26.9,Urban,High,0
54.0,1.46,40.3,Rural,High,1
35.0,0.55,27.9,Urban,Low,0
109.0,3.99,71.9,Urban,High,0
176.0,4.2,17.9,Urban,Low,1
294.0,0.77,57.6,Suburban,Low,1
96.0,3.25,28.2,Suburban,Low,1
212.0,2.2,43.3,Rural,High,1
136.0,4.07,31.0,Rural,Moderate,0
5.0,4.43,32.6,Suburban,Low,0
108.0,4.33,28.2,Urban,Moderate,1
34.0,4.0,62.7,Rural,Low,1
38.0,1.71,35.6,Rural,High,0
149.0,4.15,60.8,Urban,Low,1
117.0,2.9,41.9,Urban,High,0
260.0,0.74,48.3,Urban,Moderate,1
86.0,2.56,48.0,Urban,High,1
75.0,4.74,78.3,Urban,Moderate,1
213.0,4.5,35.7,Suburban,High,1
284.0,0.96,24.5,Urban,Low,0
238.0,3.85,73.8,Rural,Low,1
164.0,4.13,22.2,Suburban,High,0
86.0,1.72,68.4,Rural,Moderate,1
140.0,2.62,20.5,Urban,Moderate,1
159.0,3.7,56.1,Rural,Moderate,0
45.0,2.48,20.5,Urban,High,1
111.0,1.01,74.6,Rural,High,0
44.0,3.68,49.6,Rural,High,1
246.0,4.6,33.0,Urban,High,0
103.0,3.44,19.8,Rural,Moderate,1
84.0,3.98,36.0,Suburban,Moderate,1
133.0,2.11,59.4,Rural,High,1
107.0,1.32,36.9,Suburban,High,1
17.0,3.39,27.2,Suburban,Moderate,1
93.0,1.97,50.4,Rural,Moderate,0
149.0,4.37,39.2,Suburban,Low,0
245.0,1.05,21.6,Suburban,High,0
288.0,2.45,20.8,Rural,Low,1
208.0,2.29,59.5,Urban,Moderate,1
125.0,4.72,78.2,Urban,Moderate,1
234.0,1.19,26.3,Suburban,High,0
,0.54,64.1,Suburban,Low,0
137.0,1.57,16.1,Urban,Moderate,0
114.0,4.19,36.7,Suburban,Low,1
161.0,1.44,45.5,Urban,Low,1
200.0,1.58,28.8,Rural,Low,0
233.0,1.08,47.1,Suburban,Low,0
27.0,3.72,71.8,Rural,Low,0
10.0,0.81,76.1,Urban,High,0
205.0,1.99,17.0,Urban,High,1
166.0,1.77,29.0,Rural,Low,0
246.0,3.0,78.5,Suburban,High,1
46.0,3.79,28.9,Rural,Moderate,1
245.0,2.9,58.5,Rural,Low,1
126.0,4.69,27.7,Suburban,High,1
146.0,,34.9,Urban,High,1
117.0,2.13,23.4,Rural,Moderate,1
151.0,4.0,69.9,Rural,Moderate,0
71.0,3.82,71.8,Urban,Moderate,0
136.0,4.52,30.8,Rural,Moderate,0
174.0,2.52,67.7,Urban,Low,0
288.0,2.89,35.1,Suburban,High,1
18.0,2.37,16.9,Urban,High,0
,4.33,63.1,Urban,Moderate,1
174.0,,51.8,Rural,High,0
140.0,1.58,29.2,Urban,High,0
245.0,2.18,27.7,Urban,High,1
92.0,1.54,78.3,Rural,Moderate,1
238.0,3.02,70.4,Urban,High,0
204.0,1.11,66.7,Rural,High,0
47.0,1.94,19.0,Suburban,High,1
,4.61,62.9,Urban,Low,1
294.0,2.34,25.0,Suburban,Low,1
,3.87,78.4,Urban,High,1
281.0,,13.6,Urban,High,1
16.0,1.61,,Suburban,High,1
70.0,4.13,40.0,Suburban,High,1
268.0,3.93,67.7,Rural,High,1
281.0,2.24,63.6,Rural,High,1
6.0,4.79,36.2,Suburban,Low,1
102.0,,49.6,Urban,Moderate,0
192.0,4.83,68.5,Rural,High,1
240.0,2.43,11.3,Urban,High,1
61.0,1.39,66.2,Rural,High,0
16.0,3.32,76.3,Rural,Moderate,1
170.0,3.58,12.2,Rural,High,0
24.0,1.06,13.2,Suburban,High,1
250.0,4.04,34.1,Urban,Moderate,0
252.0,0.58,16.1,Suburban,High,1
206.0,2.67,43.5,Rural,Moderate,0
28.0,1.99,61.0,Suburban,Moderate,0
116.0,3.83,49.7,Suburban,High,1
281.0,1.91,23.8,Suburban,Low,1
143.0,4.22,55.8,Urban,Low,0
24.0,3.18,57.9,Suburban,High,0
155.0,4.07,75.3,Suburban,Moderate,0
72.0,4.95,20.3,Suburban,Moderate,1
119.0,,58.5,Suburban,Moderate,0
92.0,4.93,73.8,Suburban,High,0
85.0,0.63,45.1,Suburban,Low,0
117.0,2.02,35.3,Suburban,Moderate,0
232.0,0.99,22.0,Rural,Moderate,1
198.0,1.68,70.7,Suburban,High,1
205.0,4.27,37.6,Suburban,Low,0
146.0,0.65,74.7,Urban,Low,1
270.0,2.84,69.3,Rural,High,1
138.0,3.05,36.4,Suburban,Low,0
180.0,3.03,50.2,Urban,High,0
29.0,2.64,11.9,Suburban,Moderate,1
56.0,4.06,28.4,Suburban,High,1
231.0,1.1,,Suburban,Moderate,0
145.0,1.9,57.5,Suburban,High,0
47.0,3.27,34.7,Suburban,Moderate,0
193.0,3.61,66.6,Urban,Moderate,0
223.0,2.32,26.5,Suburban,High,0
,4.44,42.3,Urban,Moderate,1
21.0,2.37,43.1,Suburban,Low,0
5.0,2.31,33.9,Urban,High,0
203.0,,76.8,Rural,Low,0
238.0,2.98,58.8,Suburban,Moderate,0
184.0,3.69,47.7,Rural,Moderate,1
291.0,1.01,45.7,Rural,Moderate,1
,1.87,21.2,Rural,High,1
115.0,4.02,36.1,Suburban,Moderate,1
48.0,2.15,57.1,Rural,Low,1
,1.59,74.7,Urban,Low,1
81.0,3.52,67.2,Suburban,High,0
44.0,1.39,31.0,Rural,Low,0
19.0,4.53,40.4,Suburban,High,0
220.0,0.98,15.8,Rural,High,1
122.0,3.68,17.2,Urban,Moderate,1
233.0,2.75,42.9,Suburban,Low,1
220.0,4.41,47.1,Suburban,Low,0
2.0,1.07,28.5,Rural,Low,1
181.0,3.55,55.0,Urban,Moderate,0
205.0,3.07,59.2,Suburban,High,1
39.0,2.66,30.9,Rural,Low,0
58.0,2.71,63.1,Urban,Low,1
61.0,3.75,24.4,Urban,Low,0
131.0,4.72,48.1,Urban,Low,0
59.0,0.91,66.3,Urban,Moderate,1
121.0,0.59,47.6,Suburban,High,1
106.0,4.13,73.6,Suburban,Low,0
95.0,0.99,14.1,Urban,Low,1
234.0,4.94,,Rural,High,1
61.0,3.29,49.3,Rural,Moderate,0
255.0,3.43,56.2,Urban,Moderate,0
48.0,1.4,68.3,Urban,Moderate,0
158.0,1.58,60.8,Rural,Moderate,1
123.0,3.47,65.3,Urban,Low,0
206.0,4.59,30.2,Urban,High,1
47.0,4.92,37.1,Suburban,High,1
135.0,1.39,53.9,Suburban,High,0
200.0,1.1,48.7,Urban,Moderate,1
249.0,0.75,77.3,Urban,Moderate,1
294.0,4.41,23.1,Suburban,High,0
208.0,1.83,34.6,Urban,Low,0
210.0,0.51,50.1,Suburban,Moderate,1
191.0,1.51,70.8,Suburban,Low,0
43.0,2.03,75.1,Rural,High,0
28.0,4.96,33.5,Suburban,Moderate,1
58.0,,14.7,Rural,Low,0
70.0,1.42,39.5,Rural,Moderate,0
91.0,2.01,37.6,Suburban,High,1
264.0,1.99,79.1,Urban,High,1
219.0,0.59,40.2,Suburban,High,1
214.0,1.11,31.4,Rural,Low,0
276.0,3.63,35.6,Suburban,Moderate,0
63.0,1.04,37.8,Suburban,Moderate,1
291.0,1.54,67.5,Rural,Moderate,0
244.0,2.08,15.7,Suburban,High,0
61.0,3.91,32.2,Suburban,Low,0
169.0,3.12,77.6,Rural,High,0
268.0,3.6,20.7,Urban,High,1
266.0,3.05,62.0,Rural,Low,1
53.0,3.58,34.9,Rural,High,0
15.0,0.51,50.7,Suburban,High,0
7.0,4.69,17.0,Rural,Moderate,0
103.0,1.0,31.4,Suburban,Low,1
58.0,,45.1,Suburban,Low,1
39.0,3.97,26.2,Suburban,Moderate,1
236.0,2.46,,Rural,Low,1
93.0,4.76,25.4,Rural,Moderate,1
221.0,2.6,55.5,Suburban,High,0
203.0,4.44,73.3,Urban,Low,0
137.0,4.15,16.0,Urban,Low,1
299.0,4.91,25.2,Rural,High,1
206.0,4.67,69.1,Suburban,High,0
80.0,4.54,54.2,Suburban,Low,1
217.0,3.79,15.5,Rural,Low,0
1.0,2.15,44.0,Urban,Low,1
177.0,0.98,24.7,Rural,Moderate,0
278.0,3.6,23.9,Rural,Low,1
145.0,4.9,75.8,Suburban,Low,0
223.0,3.77,63.3,Rural,High,0
61.0,4.68,58.7,Urban,High,1
293.0,4.12,26.7,Rural,Moderate,1
238.0,1.23,18.3,Suburban,High,1
194.0,1.62,71.0,Urban,Low,1
165.0,2.04,10.4,Suburban,Low,1
221.0,1.26,37.2,Rural,Moderate,0
60.0,,29.4,Rural,High,1
128.0,4.89,49.9,Rural,High,1
172.0,3.93,27.5,Suburban,High,1
155.0,2.41,31.8,Rural,Moderate,1
109.0,0.52,69.5,Urban,High,0
268.0,1.91,,Urban,High,1
,2.87,20.2,Suburban,High,1
73.0,1.96,60.9,Suburban,Low,1
206.0,1.0,24.5,Suburban,Moderate,1
278.0,2.49,40.3,Rural,Low,0
203.0,1.64,55.3,Urban,Moderate,0
160.0,4.59,29.0,Urban,High,0
27.0,0.96,36.9,Urban,Low,0
256.0,0.72,61.4,Suburban,High,0
164.0,0.52,75.7,Suburban,High,1
62.0,1.98,,Rural,Moderate,0
21.0,3.47,10.7,Suburban,High,0
69.0,3.79,33.7,Urban,Low,1
95.0,2.54,37.9,Rural,Moderate,0
162.0,3.58,33.7,Suburban,Moderate,0
78.0,2.12,40.5,Suburban,Low,0
4.0,3.51,54.3,Urban,High,0
119.0,0.68,18.5,Rural,High,1
177.0,2.26,,Suburban,High,0
175.0,4.06,45.5,Suburban,High,0
216.0,4.11,32.1,Rural,High,0
55.0,3.72,79.4,Rural,Moderate,0
186.0,1.42,40.2,Suburban,Moderate,0
231.0,1.61,70.9,Suburban,Low,1
254.0,4.98,72.8,Urban,High,0
103.0,0.97,68.5,Rural,High,0
76.0,1.31,13.3,Suburban,High,1
229.0,1.09,76.3,Suburban,Low,1
257.0,1.97,19.0,Suburban,High,0
263.0,1.45,12.4,Suburban,Moderate,1
181.0,2.74,39.0,Urban,High,0
255.0,2.64,23.6,Rural,Low,0
37.0,4.56,22.9,Suburban,Moderate,0
175.0,0.66,30.1,Rural,Moderate,0
26.0,1.94,27.4,Rural,Moderate,1
275.0,3.18,57.9,Suburban,High,1
139.0,3.22,23.1,Suburban,Low,1
298.0,2.66,48.0,Suburban,Low,1
286.0,,79.0,Urban,High,0
90.0,,40.3,Suburban,Low,0
60.0,4.17,54.9,Rural,Moderate,0
,2.73,77.9,Rural,Moderate,1
142.0,1.1,19.6,Urban,Low,0
252.0,4.49,39.3,Suburban,Low,0
268.0,3.42,69.5,Suburban,High,0
290.0,1.24,75.3,Urban,High,1
186.0,0.65,52.1,Urban,High,1
290.0,1.13,20.0,Suburban,High,1
85.0,3.24,73.1,Suburban,High,1
165.0,1.31,22.2,Rural,High,0
113.0,1.52,34.7,Suburban,Moderate,0
182.0,0.61,36.3,Suburban,Low,0
206.0,3.75,41.3,Rural,High,0
255.0,4.15,65.3,Rural,Moderate,1
234.0,4.09,66.2,Rural,Low,0
2.0,1.07,60.4,Rural,Low,0
,4.56,11.5,Urban,Low,1
196.0,3.53,49.5,Rural,High,0
124.0,,62.3,Urban,High,0
137.0,2.51,41.1,Rural,High,1
24.0,2.47,76.1,Rural,Low,1
67.0,4.03,67.7,Rural,Low,0
60.0,0.92,54.7,Suburban,Moderate,0
28.0,2.84,14.4,Urban,Moderate,0
18.0,4.26,55.7,Rural,Moderate,0
170.0,4.24,73.8,Suburban,Moderate,0
73.0,4.8,36.6,Urban,Low,1
60.0,3.64,68.7,Urban,High,0
152.0,1.43,31.9,Suburban,High,0
275.0,0.59,49.9,Urban,High,0
47.0,2.66,55.4,Suburban,High,0
210.0,2.81,57.5,Rural,Moderate,0
138.0,1.58,71.8,Suburban,Low,0
109.0,1.06,26.4,Urban,High,0
182.0,3.14,28.4,Urban,Low,0
27.0,3.94,59.3,Rural,Moderate,0
196.0,4.97,22.4,Suburban,Moderate,1
190.0,3.91,42.5,Rural,High,1
50.0,4.07,11.4,Suburban,High,0
148.0,3.27,19.9,Suburban,Moderate,0
267.0,4.94,57.5,Suburban,Moderate,0
49.0,3.38,62.3,Rural,Low,0
245.0,4.37,18.1,Rural,Moderate,0
112.0,4.76,25.9,Urban,Low,0
169.0,4.68,16.9,Rural,Moderate,1
165.0,2.22,40.3,Suburban,Low,0
13.0,0.85,18.8,Suburban,Moderate,1
,1.27,40.6,Suburban,Moderate,1
287.0,0.77,61.2,Rural,Low,1
188.0,0.97,57.8,Urban,Low,1
154.0,1.33,29.6,Rural,High,1
54.0,2.03,57.2,Urban,High,1
181.0,,74.9,Rural,Moderate,1
209.0,3.7,34.3,Suburban,Moderate,1
74.0,1.45,33.0,Urban,Low,1
,,50.0,Rural,Moderate,0
,3.67,27.2,Suburban,High,0
58.0,3.01,55.6,Urban,Low,1
181.0,4.57,68.3,Urban,Moderate,1
63.0,1.0,42.2,Suburban,Low,1
259.0,1.3,57.6,Suburban,High,0
192.0,2.43,55.6,Rural,High,0
142.0,1.07,12.7,Rural,High,1
103.0,3.05,22.8,Suburban,Moderate,1
213.0,2.29,72.5,Rural,Moderate,1
241.0,1.78,75.7,Suburban,Moderate,1
208.0,1.26,64.6,Suburban,Moderate,1
92.0,2.01,74.5,Rural,Moderate,1
141.0,3.24,31.4,Rural,Moderate,0
111.0,3.09,27.3,Urban,High,0
58.0,1.24,36.9,Urban,High,0
42.0,1.06,13.9,Rural,Moderate,1
206.0,0.62,66.7,Rural,High,1
267.0,0.56,78.9,Rural,Low,0
295.0,,67.7,Urban,Moderate,0
117.0,0.7,48.8,Rural,Low,1
19.0,3.79,30.7,Urban,Moderate,0
221.0,4.42,23.8,Urban,Moderate,0
165.0,0.94,,Urban,High,0
130.0,2.46,56.7,Urban,Low,0
155.0,4.83,41.3,Suburban,High,1
183.0,4.25,75.4,Rural,Moderate,1
89.0,2.7,69.8,Rural,Low,1
93.0,3.93,17.2,Suburban,Moderate,1
12.0,4.25,19.2,Rural,High,0
292.0,2.07,57.3,Urban,Moderate,0
229.0,4.51,26.2,Suburban,Moderate,0
291.0,2.62,,Urban,High,1
25.0,2.88,51.4,Suburban,Moderate,1
74.0,5.0,26.1,Urban,Low,1
,4.29,,Rural,High,1
149.0,2.13,38.4,Rural,Moderate,0
147.0,0.55,71.1,Rural,High,1
7.0,3.32,12.3,Suburban,Moderate,0
,3.67,72.7,Rural,High,0
295.0,3.43,55.6,Suburban,High,0
208.0,4.86,61.6,Urban,Low,1
127.0,4.38,10.2,Rural,High,1
115.0,2.52,54.0,Urban,Low,0
143.0,0.78,51.2,Rural,High,0
234.0,2.64,47.6,Urban,High,1
,3.6,,Suburban,Moderate,1
44.0,3.23,48.9,Rural,Moderate,1
238.0,,70.0,Suburban,Moderate,1
154.0,2.61,26.3,Suburban,High,0
180.0,1.82,66.4,Urban,High,0
214.0,1.75,22.6,Rural,Low,0
87.0,2.75,66.9,Suburban,Low,0
255.0,,75.8,Urban,Low,0
72.0,2.03,33.5,Urban,Moderate,0
178.0,1.96,47.1,Urban,Moderate,1
211.0,3.14,56.1,Rural,Low,0
292.0,0.8,15.6,Rural,High,1
233.0,4.23,44.6,Urban,Moderate,1
238.0,3.03,35.2,Rural,Moderate,0
222.0,3.52,71.1,Urban,Low,1
118.0,3.66,71.4,Rural,Moderate,0
263.0,1.81,59.1,Rural,Low,0
206.0,2.62,55.9,Urban,Moderate,1
94.0,4.8,61.4,Urban,High,1
221.0,3.95,,Rural,High,1
275.0,4.86,,Urban,Moderate,1
230.0,3.86,48.8,Urban,Low,1
118.0,1.29,75.7,Urban,Moderate,1
267.0,0.79,60.7,Urban,Low,1
272.0,3.1,48.6,Rural,Moderate,1
63.0,2.11,63.9,Suburban,High,1
297.0,1.74,36.0,Rural,High,0
10.0,4.13,61.1,Urban,Moderate,0
97.0,2.15,38.7,Urban,Moderate,1
70.0,1.93,29.6,Rural,Moderate,1
57.0,4.32,52.7,Urban,High,1
289.0,4.31,58.1,Rural,High,0
250.0,2.1,42.2,Suburban,Low,0
275.0,4.25,49.6,Urban,Moderate,1
49.0,4.33,58.6,Suburban,Moderate,1
215.0,2.41,63.7,Suburban,High,1
51.0,0.8,72.7,Urban,Moderate,1
270.0,0.51,34.8,Urban,Low,0
83.0,2.85,76.6,Rural,Moderate,0
292.0,2.05,54.6,Rural,High,1
125.0,4.99,65.1,Urban,Moderate,1
295.0,3.98,59.0,Rural,High,0
71.0,3.93,24.4,Suburban,Low,0
295.0,4.8,15.0,Suburban,Low,1
235.0,4.49,,Urban,Moderate,1
55.0,1.93,45.8,Rural,Moderate,0
109.0,1.25,59.2,Urban,High,0
191.0,3.86,43.4,Suburban,Low,0
,2.2,31.9,Urban,Low,1
55.0,2.63,30.0,Urban,Low,0
59.0,3.34,61.1,Urban,Low,1
137.0,,29.4,Urban,Moderate,0
38.0,2.39,60.0,Suburban,Moderate,0
27.0,4.02,36.9,Urban,High,0
48.0,1.71,64.0,Urban,Low,1
124.0,3.64,20.0,Rural,Moderate,1
12.0,0.51,24.3,Urban,Moderate,0
35.0,4.42,58.0,Rural,Low,1
100.0,0.64,49.2,Urban,Moderate,0
281.0,3.71,24.3,Rural,High,1
85.0,0.71,73.2,Urban,High,0
3.0,1.7,29.3,Rural,Low,0
222.0,2.74,39.5,Urban,High,1
165.0,2.39,24.2,Urban,Moderate,0
277.0,1.36,37.2,Rural,High,1
129.0,2.0,44.4,Urban,Moderate,0
30.0,3.77,30.7,Urban,Low,1
10.0,3.51,63.8,Urban,Low,0
95.0,0.82,37.6,Urban,Moderate,0
189.0,3.86,61.1,Suburban,Moderate,1
191.0,0.74,24.5,Urban,High,0
265.0,2.94,36.4,Suburban,Moderate,1
127.0,1.67,,Suburban,Low,0
,3.14,63.1,Urban,Moderate,0
111.0,1.68,53.8,Rural,High,0
144.0,4.93,67.2,Rural,High,0
64.0,1.89,41.9,Urban,Moderate,1
246.0,1.59,66.0,Suburban,High,1
222.0,1.75,55.3,Rural,High,1
105.0,4.53,10.3,Urban,Low,0
180.0,3.36,27.8,Urban,Moderate,1
183.0,3.79,,Suburban,Low,1
225.0,4.63,53.3,Rural,Low,0
264.0,4.6,14.6,Urban,High,1
277.0,3.83,59.4,Rural,Low,0
88.0,1.39,48.0,Urban,Moderate,0
175.0,4.3,46.8,Urban,Moderate,1
17.0,1.42,30.4,Urban,Moderate,1
105.0,3.84,51.6,Suburban,Low,1
270.0,3.59,11.9,Suburban,Moderate,1
166.0,3.91,14.5,Suburban,Moderate,0
12.0,2.9,61.4,Rural,Low,1
31.0,3.37,32.5,Suburban,Low,0
39.0,4.79,34.3,Suburban,Low,1
147.0,0.95,24.6,Rural,Low,0
217.0,1.89,41.2,Rural,High,1
218.0,3.25,13.6,Rural,Low,1
81.0,,31.0,Rural,Low,0
207.0,0.93,46.9,Suburban,Moderate,1
200.0,0.6,42.6,Suburban,Moderate,1
37.0,0.75,80.0,Rural,Low,1
210.0,0.74,37.2,Suburban,Low,1
248.0,4.59,37.1,Urban,Low,0
226.0,3.75,45.3,Suburban,Moderate,0
47.0,3.55,23.3,Urban,Moderate,1
17.0,2.85,71.3,Rural,Low,0
294.0,4.02,50.1,Rural,Moderate,1
195.0,1.2,23.4,Suburban,Moderate,0
186.0,2.26,65.5,Rural,Low,0
223.0,2.71,12.4,Suburban,Moderate,0
228.0,1.0,78.8,Suburban,Low,1
76.0,2.39,70.6,Suburban,High,0
187.0,1.92,50.6,Suburban,High,0
269.0,0.66,17.8,Urban,High,1
94.0,1.12,25.1,Urban,Moderate,0
131.0,3.94,29.6,Rural,High,1
38.0,0.58,26.9,Urban,Moderate,0
71.0,4.7,44.8,Rural,Low,1
280.0,0.89,76.1,Rural,High,0
159.0,4.1,41.1,Suburban,Moderate,1
186.0,4.54,56.3,Suburban,High,0
190.0,4.74,58.2,Suburban,Moderate,0
119.0,4.4,71.0,Suburban,Moderate,1
219.0,1.79,12.4,Suburban,Low,0
52.0,2.0,38.3,Suburban,Moderate,0
221.0,2.42,64.9,Urban,Moderate,1
130.0,1.13,67.0,Rural,High,1
,0.6,74.9,Rural,Low,0
245.0,4.41,59.2,Suburban,Moderate,1
225.0,2.99,27.2,Urban,High,0
207.0,3.24,45.4,Suburban,Low,1
95.0,4.67,12.3,Urban,Moderate,1
199.0,3.49,55.3,Urban,High,1
246.0,3.61,48.8,Rural,Low,1
71.0,4.04,56.7,Rural,Low,0
184.0,1.02,75.1,Urban,Low,1
5.0,2.12,58.1,Rural,Low,0
205.0,4.86,32.4,Urban,Moderate,0
31.0,4.65,23.9,Urban,Moderate,0
98.0,4.48,69.8,Urban,Low,0
255.0,2.53,23.6,Rural,Low,0
186.0,4.36,21.3,Suburban,Moderate,1
75.0,0.72,24.5,Rural,High,1
176.0,1.17,45.6,Suburban,Low,0
286.0,2.36,,Rural,Moderate,0
,2.68,75.7,Rural,Moderate,1
189.0,1.69,77.6,Suburban,High,0
126.0,2.1,,Urban,Moderate,1
286.0,1.23,12.7,Suburban,Low,0
253.0,2.7,76.2,Urban,Moderate,1
212.0,4.07,79.8,Urban,Low,1
249.0,3.48,76.0,Rural,Moderate,0
,0.99,57.0,Rural,Low,1
12.0,2.69,59.1,Rural,Low,0
44.0,3.64,18.6,Rural,Moderate,1
126.0,2.88,71.2,Rural,Low,1
113.0,,14.2,Suburban,Moderate,0
275.0,3.3,32.2,Suburban,Moderate,1
204.0,4.86,79.4,Suburban,Moderate,1
,0.93,39.6,Suburban,Low,0
57.0,2.26,19.2,Rural,Moderate,1
218.0,2.33,77.9,Suburban,High,0
108.0,3.1,78.9,Suburban,Low,0
278.0,,23.1,Urban,High,1
173.0,1.29,70.5,Rural,High,0
263.0,1.78,37.3,Suburban,High,1
,4.8,36.7,Suburban,High,1
186.0,3.8,28.4,Suburban,Moderate,0
268.0,3.48,13.1,Rural,High,1
228.0,4.18,,Suburban,Low,1
155.0,1.07,13.8,Urban,High,1
188.0,4.37,74.7,Rural,High,0
271.0,3.18,,Urban,High,0
,2.01,72.1,Rural,Moderate,1
245.0,4.17,60.2,Suburban,High,0
209.0,4.11,19.2,Rural,High,1
285.0,4.31,75.8,Rural,High,1
12.0,1.02,,Rural,Low,0
95.0,4.86,34.4,Urban,Moderate,0
220.0,4.82,17.8,Rural,Moderate,0
237.0,2.11,59.3,Suburban,Moderate,1
93.0,0.8,61.0,Rural,Low,0
268.0,1.25,72.8,Rural,High,1
170.0,4.97,13.7,Suburban,Low,1
93.0,3.03,19.9,Suburban,Moderate,1
148.0,2.1,51.9,Urban,Moderate,0
111.0,1.8,53.3,Suburban,Moderate,0
54.0,1.66,,Suburban,Low,0
,3.49,37.8,Suburban,Moderate,1
142.0,2.39,50.9,Rural,High,1
200.0,4.84,61.7,Urban,Low,0
179.0,3.58,32.1,Suburban,High,0
201.0,4.06,43.9,Suburban,Moderate,0
52.0,1.82,67.0,Suburban,Moderate,0
179.0,0.86,76.8,Rural,Low,0
136.0,2.7,26.1,Rural,High,0
181.0,1.92,27.7,Urban,Low,0
0.0,1.41,75.8,Urban,High,0
43.0,4.79,37.7,Rural,Moderate,0
226.0,2.5,60.3,Suburban,Low,1
97.0,1.29,52.9,Suburban,Low,0
,1.39,30.0,Urban,High,0
264.0,1.76,55.7,Suburban,Moderate,1
287.0,5.0,55.9,Rural,Moderate,1
270.0,1.71,51.5,Urban,High,1
139.0,1.98,17.0,Rural,High,1
236.0,3.47,79.7,Rural,High,1
,1.82,38.0,Suburban,High,1
154.0,1.47,54.7,Rural,High,1
189.0,1.21,72.0,Rural,Moderate,0
267.0,1.91,39.6,Suburban,Moderate,0
106.0,0.98,64.2,Rural,Low,0
231.0,0.58,,Suburban,Moderate,1
41.0,4.12,35.1,Rural,High,0
189.0,1.12,38.4,Suburban,Moderate,1
138.0,3.99,73.4,Suburban,Moderate,0
102.0,4.09,21.2,Urban,Moderate,1
170.0,2.92,12.0,Rural,Low,0
272.0,1.89,73.6,Rural,Low,0
220.0,1.15,67.5,Urban,High,0
212.0,3.82,78.1,Suburban,High,0
55.0,3.21,14.1,Suburban,Low,0
101.0,3.45,20.9,Urban,Moderate,0
191.0,0.54,17.4,Urban,Moderate,0
199.0,4.67,57.8,Suburban,Low,1
232.0,0.8,52.4,Suburban,High,1
226.0,2.15,35.2,Urban,Moderate,0
138.0,2.31,,Rural,High,0
148.0,,54.8,Suburban,Moderate,0
114.0,2.74,49.9,Urban,High,0
62.0,3.89,17.9,Rural,Moderate,1
103.0,4.2,73.6,Rural,High,1
155.0,4.46,23.9,Rural,High,0
,,62.0,Rural,High,0
5.0,3.34,72.0,Urban,Low,0
146.0,0.86,50.6,Suburban,High,0
183.0,2.7,27.3,Rural,Low,1
27.0,1.2,31.6,Rural,Low,1
37.0,2.16,72.0,Urban,High,1
,1.98,30.9,Rural,Low,1
292.0,2.41,62.2,Urban,Low,0
243.0,3.07,79.3,Urban,Low,1
67.0,4.56,80.0,Suburban,Moderate,0
213.0,2.28,,Rural,High,1
217.0,4.92,67.9,Suburban,Low,1
176.0,3.92,79.3,Urban,High,0
298.0,2.8,36.2,Rural,Low,1
163.0,3.4,27.7,Urban,High,0
57.0,0.96,18.0,Urban,Low,0
268.0,4.3,19.9,Urban,Moderate,0
,3.12,69.7,Rural,Moderate,0
287.0,4.94,51.2,Urban,Moderate,0
104.0,,71.2,Urban,Low,1
227.0,4.25,65.3,Rural,High,1
246.0,4.1,57.2,Suburban,Low,0
187.0,2.05,52.7,Urban,Moderate,0
82.0,1.67,13.4,Suburban,Low,0
,2.44,71.1,Suburban,High,0
251.0,2.6,39.2,Suburban,Moderate,1
237.0,,49.2,Suburban,Low,0
183.0,4.53,11.5,Suburban,High,1
283.0,2.94,75.5,Suburban,Moderate,1
209.0,4.9,73.2,Rural,High,0
295.0,4.15,48.0,Rural,High,1
96.0,3.0,50.4,Suburban,Moderate,0
207.0,4.76,59.4,Rural,Low,0
136.0,2.77,28.5,Rural,Low,1
183.0,4.49,25.5,Suburban,Low,0
75.0,2.11,57.2,Suburban,Low,0
286.0,2.2,17.3,Urban,High,1
141.0,2.38,41.8,Rural,Low,1
236.0,2.96,44.5,Suburban,Low,1
24.0,2.99,36.7,Rural,High,0
289.0,2.73,23.0,Rural,High,1
66.0,1.88,34.9,Rural,Moderate,1
249.0,4.67,33.6,Urban,High,1
117.0,3.15,44.9,Suburban,Moderate,1
72.0,2.33,57.2,Rural,Moderate,0
281.0,3.43,77.8,Suburban,Low,1
9.0,3.96,20.1,Rural,Low,1
210.0,4.82,71.1,Suburban,Low,0
151.0,2.75,29.9,Suburban,High,1
4.0,1.0,51.4,Suburban,High,1
,2.48,48.3,Rural,Low,0
282.0,2.66,49.0,Urban,Low,0
112.0,4.54,60.6,Suburban,High,0
270.0,2.28,36.7,Urban,Moderate,0
162.0,4.79,32.3,Suburban,Moderate,0
104.0,2.68,69.7,Urban,Low,1
180.0,4.88,25.4,Suburban,Low,1
43.0,0.54,22.6,Urban,Low,1
281.0,4.54,11.1,Suburban,Moderate,1
174.0,4.69,24.7,Suburban,Low,0
161.0,4.82,46.3,Urban,Moderate,0
139.0,0.56,47.7,Suburban,High,0
131.0,1.27,27.8,Rural,High,1
86.0,3.44,15.1,Suburban,High,0
175.0,0.61,62.1,Suburban,Low,0
182.0,0.79,63.1,Rural,High,1
128.0,1.49,79.8,Rural,Moderate,0
245.0,2.81,73.0,Rural,Moderate,0
88.0,2.96,74.8,Urban,Moderate,1
65.0,0.65,65.9,Rural,Low,1
157.0,1.27,53.1,Urban,Low,0
148.0,2.75,19.0,Rural,Moderate,1
115.0,3.17,53.6,Urban,Moderate,0
213.0,,13.9,Rural,Moderate,1
293.0,2.29,72.0,Rural,Moderate,1
252.0,4.57,43.7,Suburban,High,1
142.0,5.0,58.8,Rural,Moderate,1
249.0,4.94,13.7,Suburban,Low,0
24.0,4.47,47.4,Rural,Low,0
276.0,2.28,31.1,Rural,Low,0
69.0,3.59,29.9,Suburban,Low,1
112.0,2.37,37.3,Suburban,Low,0
111.0,3.42,10.0,Urban,Moderate,1
90.0,1.89,42.7,Suburban,Moderate,0
17.0,3.23,44.1,Urban,High,1
148.0,2.86,70.4,Rural,High,1
226.0,0.61,41.4,Suburban,High,1
213.0,4.06,35.4,Suburban,Moderate,0
150.0,0.55,79.6,Rural,High,0
191.0,1.82,50.0,Rural,Moderate,0
39.0,0.53,43.1,Rural,Low,0
241.0,2.19,44.7,Rural,Moderate,1
137.0,0.78,66.6,Suburban,Moderate,1
179.0,4.61,33.8,Rural,Low,1
199.0,2.37,37.2,Rural,Low,1
202.0,2.57,62.9,Suburban,Low,0
60.0,2.07,15.1,Urban,High,0
191.0,3.32,,Suburban,High,1
4.0,4.03,40.1,Urban,High,0
236.0,3.42,50.7,Rural,Low,1
180.0,3.87,63.0,Suburban,High,1
36.0,4.58,,Rural,Low,1
55.0,4.39,72.3,Suburban,Low,0
236.0,3.53,78.5,Urban,Low,1
196.0,1.47,44.6,Suburban,High,0
72.0,3.37,75.6,Rural,High,1
58.0,2.78,10.1,Suburban,Low,0
239.0,3.73,72.6,Rural,High,0
1.0,4.25,31.8,Suburban,Moderate,1
187.0,3.84,31.8,Urban,High,1
29.0,4.31,26.0,Suburban,Low,0
266.0,0.79,32.2,Suburban,Low,0
107.0,0.64,24.9,Suburban,Low,0
89.0,1.66,73.4,Suburban,Moderate,1
204.0,4.55,72.9,Urban,Low,1
219.0,4.21,,Rural,Low,0
93.0,3.57,20.0,Suburban,High,0
102.0,3.65,70.3,Suburban,Moderate,0
222.0,3.77,37.9,Suburban,High,1
185.0,4.74,21.8,Urban,Low,1
183.0,4.24,45.7,Rural,Low,0
161.0,3.31,39.2,Rural,Moderate,0
246.0,3.5,25.3,Suburban,Low,1
30.0,1.46,60.5,Suburban,Moderate,1
51.0,3.46,54.2,Rural,High,0
75.0,2.41,17.0,Suburban,Moderate,0
277.0,1.19,74.8,Suburban,High,0
39.0,4.13,49.1,Suburban,Low,1
100.0,2.8,27.5,Urban,High,0
110.0,4.9,24.4,Urban,High,0
248.0,1.77,19.5,Rural,High,0
190.0,2.66,39.7,Urban,Moderate,1
181.0,2.52,19.5,Urban,High,1
208.0,1.04,39.1,Rural,Moderate,1
21.0,2.42,20.4,Urban,Moderate,0
165.0,1.79,56.0,Rural,Moderate,1
98.0,1.22,65.0,Suburban,Low,1
207.0,1.77,48.5,Rural,Low,1
7.0,,57.6,Rural,Low,1
189.0,3.8,75.7,Rural,Moderate,1
174.0,0.64,54.7,Suburban,Low,0
272.0,3.28,35.5,Suburban,High,0
16.0,3.92,41.5,Suburban,Moderate,0
89.0,2.66,70.2,Rural,Low,0
140.0,4.69,19.2,Rural,Moderate,0
144.0,3.69,32.8,Rural,Low,1
165.0,3.87,50.4,Rural,High,1
77.0,1.39,57.3,Rural,Moderate,0
261.0,4.0,63.4,Rural,Low,1
162.0,4.24,32.3,Rural,Low,0
13.0,2.13,20.2,Urban,High,0
238.0,1.46,76.8,Suburban,High,1
71.0,2.23,15.3,Urban,Low,0
142.0,3.83,16.7,Suburban,Low,1
282.0,2.38,44.6,Rural,Moderate,0
268.0,3.81,67.3,Urban,Moderate,1
240.0,1.01,64.2,Rural,Low,1
244.0,4.13,75.6,Urban,High,1
162.0,1.64,19.9,Urban,Moderate,1
59.0,1.62,36.3,Rural,Low,1
5.0,3.16,29.7,Urban,High,1
196.0,0.82,70.3,Urban,High,0
57.0,0.62,44.2,Suburban,Low,0
216.0,1.67,11.9,Rural,Low,1
25.0,2.92,,Rural,Moderate,1
4.0,4.58,37.2,Urban,Low,0
19.0,4.31,47.2,Rural,Moderate,0
197.0,,72.6,Suburban,High,0
58.0,0.67,28.0,Suburban,Moderate,0
,2.91,26.8,Rural,Low,0
,3.67,,Rural,Moderate,1
272.0,2.03,33.7,Suburban,High,0
248.0,1.0,17.5,Rural,High,0
13.0,,58.8,Urban,Low,0
12.0,3.97,24.5,Rural,Moderate,1
43.0,2.08,74.8,Urban,Low,0
18.0,4.15,25.1,Suburban,Low,0
62.0,,27.9,Rural,High,1
238.0,1.24,30.8,Suburban,Moderate,1
99.0,2.46,63.8,Rural,Low,0
162.0,2.54,39.9,Urban,High,1
121.0,0.57,67.4,Rural,Low,0
43.0,,64.9,Suburban,Moderate,0
144.0,1.33,75.1,Urban,Low,1
49.0,,63.0,Rural,Moderate,0
64.0,2.04,13.6,Suburban,High,1
287.0,4.84,68.6,Suburban,High,1
163.0,2.79,75.7,Rural,Low,1
140.0,3.32,79.6,Suburban,High,1
127.0,2.1,18.8,Urban,Low,0
238.0,1.96,52.9,Rural,Low,0
295.0,0.6,24.0,Urban,Moderate,0
186.0,2.75,28.4,Suburban,Low,1
207.0,2.68,62.2,Suburban,Moderate,0
219.0,1.21,78.4,Suburban,Low,1
189.0,3.94,,Urban,Moderate,0
283.0,2.72,69.5,Suburban,High,1
236.0,2.03,10.6,Rural,Low,0
193.0,1.16,12.6,Rural,Moderate,0
286.0,2.98,51.8,Suburban,Low,1
258.0,3.89,37.2,Rural,Moderate,0
245.0,1.77,72.3,Urban,Moderate,1
135.0,1.48,31.1,Urban,Low,1
279.0,2.85,40.2,Suburban,Low,0
270.0,1.2,47.0,Rural,High,0
170.0,3.5,29.1,Rural,High,0
158.0,3.22,73.6,Suburban,High,1
200.0,0.89,42.5,Urban,Low,1
44.0,0.66,39.7,Suburban,High,1
263.0,3.29,69.5,Rural,Moderate,1
70.0,1.82,31.8,Rural,Low,1
,0.89,67.2,Suburban,Moderate,1
124.0,3.92,18.6,Urban,Moderate,1
285.0,1.91,22.8,Urban,Moderate,1
229.0,2.57,76.6,Suburban,Low,1
,1.57,69.0,Rural,Low,0
196.0,3.32,37.2,Urban,High,1
220.0,1.86,54.7,Suburban,High,1
59.0,4.86,76.0,Rural,High,0
97.0,3.66,24.8,Urban,High,0
170.0,1.12,,Urban,Moderate,1
172.0,2.38,47.6,Suburban,Low,0
150.0,2.23,20.0,Rural,High,0
121.0,2.9,23.1,Urban,Moderate,1
107.0,4.29,,Suburban,Low,1
3.0,3.13,10.5,Urban,Low,0
92.0,0.78,67.2,Rural,Low,1
5.0,3.45,46.2,Urban,Moderate,0
287.0,0.54,49.2,Rural,High,1
105.0,4.01,57.0,Urban,Low,1
145.0,3.5,40.2,Urban,Moderate,0
270.0,1.89,,Suburban,Low,0
95.0,1.82,17.2,Urban,Moderate,0
228.0,4.09,62.8,Rural,High,0
201.0,4.03,25.5,Suburban,High,0
211.0,2.09,12.0,Rural,Low,1
5.0,1.85,78.6,Rural,High,1
111.0,3.02,78.6,Suburban,High,0
105.0,0.54,36.5,Rural,Moderate,0
138.0,,11.8,Urban,Moderate,0
,1.07,60.9,Suburban,Low,1
95.0,1.33,68.2,Urban,Moderate,1
296.0,2.8,18.8,Urban,High,0
213.0,4.97,19.5,Rural,Moderate,1
290.0,3.44,67.6,Rural,High,1
21.0,0.78,74.5,Urban,Low,0
192.0,2.87,65.4,Suburban,High,0
149.0,2.73,24.1,Urban,Moderate,1
246.0,1.15,38.8,Urban,Moderate,1
266.0,4.64,52.1,Rural,Moderate,1
250.0,2.48,21.2,Rural,Moderate,1
2.0,4.98,24.7,Urban,Low,1
75.0,2.39,29.8,Urban,High,0
86.0,3.24,45.7,Rural,Moderate,1
269.0,0.97,45.8,Urban,High,0
,2.54,67.0,Rural,Low,0
17.0,1.57,,Urban,High,1
112.0,4.26,74.0,Suburban,Moderate,0
250.0,4.03,68.3,Suburban,High,1
232.0,4.21,27.8,Urban,Moderate,0
278.0,3.76,33.2,Rural,Moderate,1
201.0,4.25,45.0,Urban,Low,0
82.0,1.4,11.0,Urban,Low,1
124.0,2.53,73.3,Rural,High,1
174.0,3.61,13.1,Urban,High,0
68.0,3.37,32.6,Rural,Moderate,0
46.0,3.72,49.8,Urban,Moderate,0
255.0,1.51,46.2,Rural,Moderate,1
214.0,0.94,55.8,Urban,Moderate,0
29.0,4.63,46.9,Suburban,Low,0
280.0,3.02,26.0,Rural,Moderate,1
236.0,1.19,24.1,Suburban,Low,1
247.0,4.07,73.5,Rural,High,0
24.0,4.62,28.5,Rural,High,0
73.0,1.26,29.7,Rural,Low,1
205.0,4.18,38.9,Rural,Moderate,1
93.0,4.7,19.8,Urban,High,1
126.0,4.72,45.5,Urban,Low,0
24.0,4.61,56.6,Rural,High,0
,2.96,65.0,Urban,Moderate,1
47.0,2.1,59.8,Rural,Low,1
225.0,0.53,,Rural,High,1
265.0,0.77,41.9,Suburban,Moderate,0
98.0,2.43,12.7,Rural,Low,0
,2.3,11.2,Rural,Low,0
84.0,1.33,40.8,Urban,Low,0
213.0,2.28,27.7,Rural,Low,1
172.0,1.29,57.8,Rural,High,1
208.0,4.32,,Suburban,Low,0
63.0,1.84,72.7,Urban,Low,1
257.0,3.19,63.2,Urban,Low,1
120.0,2.76,13.4,Suburban,Low,0
297.0,0.73,36.0,Rural,Low,1
53.0,4.74,29.1,Suburban,Moderate,0
271.0,2.87,37.0,Urban,High,0
240.0,1.96,21.2,Suburban,Moderate,0
242.0,1.21,16.8,Urban,High,1
17.0,2.02,46.5,Suburban,Low,0
186.0,0.59,,Rural,High,1
143.0,2.14,59.1,Rural,Low,1
261.0,2.89,41.6,Urban,Low,0
238.0,4.42,46.6,Suburban,Moderate,0
297.0,3.59,46.1,Urban,Moderate,0
75.0,1.0,58.4,Rural,Moderate,0
187.0,1.16,13.4,Urban,High,0
245.0,2.43,59.7,Rural,High,1
,1.38,50.8,Urban,Moderate,1
282.0,0.63,23.9,Suburban,Moderate,1
78.0,4.12,13.4,Rural,Low,0
71.0,0.59,17.6,Urban,High,0
262.0,4.24,46.7,Rural,Low,1
190.0,1.15,63.1,Suburban,High,0
62.0,4.89,33.4,Rural,Moderate,1
11.0,3.22,36.5,Suburban,High,1
140.0,3.81,75.4,Rural,High,1
253.0,1.0,24.9,Suburban,Low,0
42.0,,17.3,Rural,Moderate,0
16.0,4.28,34.0,Suburban,Moderate,1
62.0,3.44,62.2,Urban,Moderate,0
252.0,2.76,53.8,Urban,Low,0
291.0,3.75,39.1,Rural,Low,0
7.0,0.53,77.5,Suburban,Low,1
89.0,3.17,61.4,Urban,High,1
207.0,4.31,14.3,Rural,High,1
291.0,2.11,62.1,Urban,Low,1
283.0,0.99,11.7,Suburban,Low,1
117.0,2.39,55.5,Rural,Moderate,0
174.0,3.77,24.7,Suburban,High,1
75.0,0.98,58.8,Suburban,High,0
100.0,1.43,31.7,Suburban,Moderate,1
150.0,1.16,71.1,Urban,Moderate,0
269.0,4.09,33.6,Rural,Moderate,0
70.0,,53.4,Suburban,Low,1
179.0,3.59,30.0,Urban,Low,0
123.0,2.15,74.2,Suburban,Low,0
292.0,3.9,64.7,Urban,Low,0
284.0,4.84,27.0,Rural,Low,0
194.0,1.02,76.4,Rural,High,0
227.0,1.91,35.0,Rural,High,0
274.0,4.15,55.6,Rural,High,1
105.0,1.7,62.0,Suburban,Moderate,0
20.0,1.47,11.6,Urban,High,1
63.0,4.21,77.1,Rural,Moderate,0
164.0,,34.1,Suburban,High,0
26.0,3.01,,Rural,Low,0
284.0,1.75,69.5,Rural,High,0
147.0,2.29,59.2,Rural,Low,0
280.0,,16.1,Urban,Low,0
163.0,3.93,18.2,Urban,High,0
,3.98,60.1,Urban,High,0
,4.44,15.2,Rural,Low,1
145.0,,74.2,Suburban,Moderate,1
29.0,3.03,61.9,Suburban,Moderate,1
44.0,1.46,33.5,Suburban,High,1
274.0,2.03,35.4,Rural,Low,0
33.0,4.03,45.5,Urban,Moderate,0
140.0,1.36,35.3,Suburban,High,0
220.0,3.37,64.8,Rural,High,1
21.0,3.45,78.2,Rural,Low,1
179.0,4.79,50.9,Suburban,Moderate,1
230.0,3.99,,Suburban,High,0
37.0,,25.6,Rural,Moderate,0
69.0,2.89,55.7,Suburban,High,1
115.0,1.34,58.0,Rural,High,0
238.0,2.42,58.0,Suburban,Moderate,0
147.0,2.97,11.9,Urban,Moderate,0
8.0,3.55,72.9,Rural,Low,1
287.0,3.23,33.7,Urban,Low,0
49.0,2.27,62.1,Suburban,Low,1
4.0,1.69,63.2,Rural,Low,1
125.0,1.26,55.5,Suburban,Moderate,0
74.0,,37.6,Rural,Low,0
164.0,3.4,52.6,Suburban,Moderate,0
277.0,3.59,12.8,Urban,High,1
299.0,2.18,63.3,Urban,Moderate,1
289.0,1.68,,Suburban,Low,0
76.0,3.92,37.8,Urban,Moderate,0
297.0,3.98,17.3,Urban,Moderate,1
136.0,2.55,68.6,Suburban,Moderate,1
105.0,3.25,48.5,Rural,Moderate,1
94.0,2.18,58.4,Suburban,Moderate,1
134.0,3.66,57.8,Rural,Low,1
67.0,4.26,68.9,Urban,Moderate,0
146.0,3.6,19.3,Urban,Low,1
158.0,2.81,56.2,Urban,High,1
162.0,2.56,50.3,Urban,Moderate,0
188.0,3.39,12.2,Urban,High,1
94.0,3.56,24.1,Rural,Low,1
180.0,3.01,28.7,Rural,Moderate,0
287.0,3.31,15.1,Rural,High,1
186.0,0.93,34.8,Suburban,Low,0
137.0,4.78,11.9,Urban,High,1
129.0,4.06,48.7,Urban,Moderate,1
193.0,2.18,,Urban,Moderate,0
272.0,3.03,30.1,Suburban,Moderate,1
143.0,0.71,73.7,Suburban,Low,1
15.0,0.69,45.2,Suburban,High,0
244.0,1.63,28.8,Urban,Low,1
106.0,,51.9,Rural,High,1
87.0,4.33,24.1,Suburban,Low,1
128.0,3.02,15.2,Suburban,Moderate,1
3.0,2.89,11.5,Rural,High,1
94.0,2.31,76.6,Suburban,High,0
208.0,1.23,60.7,Rural,High,1
224.0,1.03,66.0,Urban,Low,1
,3.92,78.7,Rural,Moderate,0
180.0,4.67,75.2,Rural,High,0
105.0,2.56,61.6,Urban,Low,0
198.0,3.47,58.6,Suburban,High,0
105.0,,33.6,Urban,Moderate,1
279.0,0.91,17.3,Suburban,High,1
259.0,3.97,50.2,Suburban,Moderate,1
107.0,3.28,50.3,Rural,Low,1
18.0,3.19,76.7,Urban,Low,1
295.0,1.82,41.0,Rural,Moderate,1
170.0,3.58,58.4,Urban,Moderate,1
194.0,4.08,50.2,Urban,Low,0
11.0,1.01,22.4,Rural,Moderate,1
194.0,2.9,51.4,Suburban,Moderate,0
282.0,0.96,47.8,Suburban,High,0
181.0,4.43,44.6,Urban,Low,0
143.0,2.78,,Suburban,Low,1
181.0,,21.5,Rural,Moderate,1
29.0,2.16,42.4,Rural,Moderate,0
83.0,1.06,52.4,Rural,Moderate,1
165.0,0.69,44.3,Urban,Low,1
283.0,1.77,44.2,Urban,High,0
280.0,1.6,15.4,Suburban,Low,0
95.0,3.02,23.4,Rural,High,1
265.0,0.6,32.5,Rural,Moderate,0
297.0,2.84,39.4,Urban,Low,0
295.0,2.26,51.6,Urban,High,0
224.0,3.1,70.4,Urban,Low,1
41.0,3.66,21.1,Rural,High,1
245.0,3.35,11.1,Rural,High,0
207.0,4.93,41.4,Suburban,Low,0
236.0,1.12,40.2,Rural,Moderate,1
21.0,2.43,48.6,Suburban,Low,1
184.0,2.41,68.3,Suburban,Moderate,1
241.0,,66.2,Rural,High,1
282.0,3.49,17.0,Suburban,High,1
40.0,2.7,75.4,Suburban,Low,1
161.0,2.83,17.7,Urban,Low,0
159.0,,54.4,Rural,Moderate,0
88.0,4.96,57.1,Suburban,Moderate,0
11.0,4.67,57.6,Suburban,Low,1
72.0,1.88,28.6,Suburban,Moderate,0
75.0,1.0,33.1,Rural,Moderate,0
200.0,4.28,48.4,Urban,Low,0
9.0,4.99,24.0,Urban,Low,0
225.0,1.82,11.4,Rural,High,0
175.0,2.11,49.4,Rural,High,0
275.0,4.74,42.6,Rural,Low,0
38.0,3.7,56.0,Rural,High,1
59.0,1.83,20.3,Urban,Moderate,0
65.0,3.11,68.9,Suburban,Low,0
123.0,4.75,20.2,Suburban,High,1
163.0,4.15,72.4,Rural,Low,0
158.0,3.84,41.5,Rural,High,1
56.0,3.82,48.5,Suburban,Low,0
,1.3,72.8,Urban,Moderate,1
193.0,4.21,31.0,Rural,High,0
284.0,1.74,22.7,Rural,Low,0
14.0,4.69,41.2,Urban,Moderate,0
11.0,2.14,27.1,Urban,High,0
100.0,4.36,46.9,Urban,High,0
155.0,1.7,29.3,Rural,Low,1
124.0,2.82,70.5,Urban,Moderate,0
279.0,0.98,52.5,Rural,Low,1
109.0,3.47,10.0,Rural,High,0
145.0,4.26,66.4,Urban,Low,0
215.0,3.73,33.1,Suburban,Low,0
161.0,2.85,32.4,Urban,Moderate,1
127.0,0.7,,Suburban,Moderate,1
149.0,4.7,,Urban,High,1
35.0,3.67,40.9,Urban,Moderate,1
172.0,3.86,54.0,Rural,Low,1
21.0,4.08,20.3,Rural,High,0
205.0,3.86,,Rural,Moderate,0
126.0,2.49,61.1,Rural,Low,1
216.0,3.8,27.5,Rural,Low,1
95.0,3.31,60.7,Rural,High,0
163.0,4.34,50.3,Rural,High,0
147.0,4.11,17.6,Suburban,Moderate,1
17.0,0.69,22.5,Suburban,Moderate,1
293.0,2.2,12.9,Rural,Moderate,0
194.0,0.66,66.6,Suburban,Moderate,1
150.0,0.96,48.6,Urban,High,0
122.0,3.21,32.2,Suburban,Low,1
186.0,4.43,18.8,Rural,Low,1
148.0,1.04,43.9,Suburban,Moderate,0
103.0,2.53,46.8,Urban,High,0
242.0,4.6,59.1,Suburban,Moderate,1
,4.16,77.9,Rural,Moderate,0
205.0,2.84,40.4,Urban,High,1
197.0,3.97,38.4,Urban,Low,1
86.0,2.85,35.9,Suburban,Low,0
141.0,1.21,67.9,Urban,Moderate,0
198.0,1.06,20.9,Urban,High,0
45.0,1.35,34.1,Urban,Low,1
287.0,2.08,60.7,Rural,Low,0
14.0,4.69,11.1,Urban,High,0
43.0,4.1,30.3,Suburban,High,0
168.0,2.45,54.9,Suburban,Low,1
43.0,2.72,,Urban,Moderate,0
97.0,1.7,31.2,Suburban,Moderate,0
260.0,3.67,44.0,Urban,Low,0
108.0,4.11,39.5,Suburban,Moderate,0
282.0,1.58,17.4,Urban,Moderate,1
103.0,0.69,75.7,Urban,High,1
255.0,3.31,13.1,Urban,High,1
205.0,3.03,62.5,Rural,High,1
42.0,2.31,15.0,Suburban,Moderate,0
244.0,3.4,42.7,Urban,High,1
286.0,2.98,,Rural,High,0
272.0,1.63,19.9,Rural,Low,1
82.0,2.29,18.8,Urban,High,0
109.0,2.43,41.7,Urban,Low,0
189.0,4.46,46.1,Urban,Moderate,0
287.0,4.82,19.3,Urban,High,1
250.0,4.52,78.6,Urban,Low,1
211.0,3.74,,Suburban,Low,1
290.0,3.13,42.1,Urban,Low,0
132.0,3.6,25.1,Urban,Moderate,1
200.0,4.73,44.6,Suburban,High,0
284.0,1.62,62.9,Rural,Moderate,1
94.0,2.91,46.5,Suburban,Low,1
277.0,3.6,30.0,Rural,Moderate,1
218.0,3.56,27.4,Rural,Moderate,1
,1.64,63.1,Suburban,Low,1
71.0,3.14,18.3,Urban,High,0
246.0,4.08,35.9,Rural,High,1
,2.64,20.6,Urban,Moderate,1
211.0,4.07,28.1,Suburban,High,1
95.0,2.12,20.7,Rural,Low,0
74.0,,72.1,Urban,High,1
53.0,2.9,61.2,Rural,Moderate,1
53.0,3.18,49.3,Rural,Low,0
217.0,0.64,25.7,Suburban,Low,1
15.0,1.27,45.7,Urban,Low,0
98.0,3.35,46.5,Urban,Moderate,0
19.0,,51.3,Rural,Moderate,1
45.0,2.79,14.2,Urban,High,0
192.0,0.78,,Rural,Moderate,1
57.0,4.25,42.6,Suburban,Low,0
110.0,4.03,74.9,Suburban,Moderate,1
128.0,1.33,10.7,Urban,Moderate,0
193.0,3.35,27.3,Suburban,High,0
7.0,4.18,17.3,Suburban,Low,0
28.0,3.38,63.9,Urban,High,1
111.0,1.9,32.4,Rural,High,0
160.0,3.45,68.8,Suburban,High,1
130.0,1.45,68.3,Urban,Low,1
187.0,1.93,56.7,Urban,High,0
162.0,1.58,56.6,Urban,Low,1
196.0,3.01,,Suburban,High,1
203.0,0.99,57.2,Suburban,High,0
211.0,4.7,37.1,Rural,Low,1
108.0,2.0,57.8,Rural,Moderate,1
275.0,1.49,,Rural,High,0
72.0,2.73,33.3,Rural,Moderate,0
166.0,1.75,76.1,Rural,High,0
259.0,2.91,11.0,Rural,Moderate,0
242.0,2.07,34.4,Urban,Moderate,1
274.0,1.09,19.2,Rural,Moderate,1
101.0,1.7,18.9,Suburban,Moderate,1
172.0,2.47,67.1,Rural,Moderate,0
170.0,0.64,74.3,Suburban,Low,1
140.0,3.97,64.4,Rural,Moderate,0
187.0,3.3,78.4,Urban,Low,1
85.0,3.21,25.1,Urban,High,0
51.0,2.96,19.9,Suburban,Low,1
110.0,3.16,46.4,Rural,Moderate,1
42.0,4.71,68.0,Urban,Low,0
210.0,0.54,12.8,Urban,Moderate,1
199.0,0.72,79.7,Rural,Low,1
297.0,1.36,52.2,Suburban,High,1
239.0,1.25,,Suburban,Moderate,1
114.0,1.32,35.6,Suburban,Moderate,0
25.0,3.52,42.1,Urban,Low,1
298.0,2.57,62.7,Rural,Low,0
76.0,4.96,65.5,Urban,Low,0
136.0,1.52,26.3,Urban,Low,0
19.0,1.9,,Urban,Low,1
210.0,4.93,70.7,Urban,Moderate,0
,4.24,11.3,Rural,High,0
38.0,2.61,19.0,Urban,Low,0
267.0,3.0,44.7,Urban,Moderate,1
206.0,4.29,42.3,Suburban,High,1
266.0,2.66,59.6,Urban,High,0
153.0,1.43,16.3,Rural,Low,0
41.0,4.23,55.1,Urban,Moderate,1
10.0,2.92,53.1,Rural,Moderate,0
293.0,1.19,26.4,Rural,Moderate,1
97.0,2.78,48.0,Rural,Moderate,0
274.0,2.36,25.6,Suburban,Moderate,1
229.0,4.45,20.3,Suburban,High,1
219.0,1.07,50.1,Urban,High,1
64.0,4.44,78.4,Urban,High,0
231.0,2.8,26.6,Urban,Moderate,0
51.0,2.32,34.9,Rural,High,1
262.0,1.23,28.0,Rural,High,1
266.0,3.65,28.7,Rural,Low,0
153.0,4.67,38.3,Urban,High,1
139.0,2.19,59.1,Urban,Low,0
50.0,1.59,12.7,Urban,Moderate,1
116.0,3.0,77.0,Urban,Moderate,1
45.0,4.08,13.2,Suburban,Moderate,0
87.0,0.52,71.7,Suburban,Moderate,0
207.0,3.34,72.6,Suburban,High,1
268.0,3.18,46.7,Urban,Low,0
88.0,1.93,19.6,Suburban,Moderate,1
117.0,2.53,49.6,Suburban,Moderate,0
53.0,1.61,54.0,Urban,Low,1
115.0,4.05,70.0,Suburban,Low,0
117.0,3.36,48.6,Urban,Low,0
259.0,2.9,,Urban,Low,1
74.0,2.27,68.7,Urban,Low,1
6.0,1.81,78.7,Rural,High,1
121.0,4.2,55.2,Urban,Low,1
10.0,2.53,71.2,Suburban,High,1
214.0,2.76,51.9,Suburban,Low,1
278.0,2.84,58.3,Urban,Low,0
27.0,2.52,58.2,Rural,Moderate,1
234.0,1.65,59.3,Rural,Moderate,1
25.0,1.04,32.5,Rural,Moderate,1
53.0,0.94,50.3,Suburban,Moderate,1
28.0,3.91,51.6,Rural,Moderate,0
163.0,1.51,32.1,Rural,Moderate,1
269.0,0.75,34.5,Urban,Low,1
34.0,4.09,63.4,Rural,Low,0
285.0,1.19,50.8,Rural,Moderate,0
272.0,3.31,20.4,Rural,Moderate,1
207.0,2.02,68.6,Urban,Moderate,0
237.0,1.07,71.8,Urban,Low,1
92.0,2.37,42.6,Rural,Moderate,0
172.0,0.57,24.6,Suburban,Moderate,0
78.0,4.28,76.3,Suburban,Low,0
109.0,2.81,,Urban,Low,0
216.0,1.13,,Rural,High,0
105.0,1.57,16.7,Suburban,Moderate,1
46.0,2.52,40.8,Rural,Low,1
180.0,1.35,57.3,Urban,High,0
63.0,1.71,22.3,Suburban,Low,0
245.0,2.9,,Urban,High,0
243.0,4.25,,Rural,High,1
86.0,2.31,72.3,Urban,Moderate,1
216.0,3.73,40.1,Urban,Moderate,1
6.0,4.45,47.4,Urban,High,0
277.0,1.47,76.9,Urban,Moderate,1
209.0,4.13,31.0,Suburban,Low,0
168.0,3.91,30.2,Rural,Low,0
137.0,2.11,66.0,Suburban,High,0
229.0,4.95,29.4,Rural,High,0
160.0,1.68,68.2,Rural,Low,1
0.0,1.65,16.7,Rural,Low,1
235.0,3.98,17.8,Rural,High,0
187.0,2.46,73.1,Rural,Low,0
3.0,1.99,47.9,Suburban,Low,0
131.0,1.3,,Rural,High,0
217.0,3.94,25.8,Urban,Moderate,0
259.0,,21.6,Suburban,Low,0
,3.05,68.4,Suburban,Moderate,1
70.0,4.81,35.1,Rural,Moderate,1
177.0,1.93,41.9,Urban,Low,1
188.0,1.49,12.0,Urban,Moderate,0
290.0,3.55,37.0,Rural,High,1
,3.91,63.9,Rural,Low,1
252.0,1.51,67.5,Urban,Low,1
291.0,0.84,58.9,Suburban,Moderate,1
243.0,4.15,58.5,Suburban,Low,1
122.0,4.89,45.4,Rural,Low,0
298.0,3.4,47.7,Suburban,Moderate,0
282.0,1.75,62.0,Suburban,Moderate,0
31.0,4.99,27.3,Urban,Low,1
145.0,4.52,26.2,Suburban,Low,0
155.0,2.81,76.5,Urban,High,1
15.0,4.21,11.9,Rural,High,0
,4.17,19.8,Rural,Low,1
250.0,4.71,49.9,Urban,Low,1
186.0,4.28,61.6,Urban,High,0
30.0,3.4,47.7,Rural,Moderate,0
259.0,3.24,34.9,Urban,Low,1
16.0,2.6,78.5,Rural,High,1
38.0,3.32,59.3,Rural,High,0
38.0,4.08,68.2,Rural,Low,0
131.0,4.86,12.8,Rural,Low,1
29.0,2.6,26.5,Rural,High,0
157.0,3.08,36.2,Rural,Low,0
277.0,2.5,22.8,Suburban,Moderate,0
202.0,3.51,15.1,Suburban,Low,0
65.0,3.33,25.8,Rural,High,1
107.0,0.58,47.4,Suburban,High,1
267.0,2.94,58.7,Urban,Low,1
221.0,,64.2,Urban,High,0
291.0,0.62,13.0,Rural,Moderate,1
17.0,4.06,40.0,Suburban,Low,1
,1.66,18.6,Urban,Low,0
180.0,2.03,40.2,Urban,High,0
254.0,0.79,40.4,Urban,Moderate,1
252.0,1.31,44.9,Urban,Low,1
256.0,3.95,72.5,Suburban,High,0
86.0,2.72,66.4,Urban,Low,0
89.0,4.46,54.6,Urban,Moderate,0
236.0,2.29,72.0,Urban,High,0
69.0,1.71,57.5,Rural,Low,0
43.0,2.06,67.3,Urban,High,1
199.0,3.71,49.5,Urban,High,1
,3.0,46.8,Suburban,Moderate,1
85.0,4.57,60.7,Urban,Moderate,1
18.0,3.21,11.4,Urban,Low,0
100.0,2.72,58.3,Urban,High,0
94.0,4.04,75.4,Rural,High,1
253.0,4.76,60.0,Suburban,High,0
29.0,2.1,12.6,Suburban,Low,1
248.0,1.62,36.5,Rural,Moderate,1
32.0,3.27,66.7,Rural,Moderate,1
228.0,2.74,77.1,Suburban,High,1
11.0,,35.9,Urban,Low,1
117.0,2.58,68.9,Suburban,High,1
154.0,0.83,70.5,Rural,Moderate,0
245.0,4.9,18.6,Urban,High,0
246.0,4.3,69.2,Suburban,High,1
28.0,1.3,32.7,Urban,High,1
160.0,4.57,51.5,Urban,Moderate,1
234.0,2.03,47.7,Rural,Low,0
189.0,2.2,56.4,Suburban,High,0
193.0,4.37,77.3,Rural,Moderate,0
221.0,2.89,49.7,Rural,Low,1
290.0,2.63,40.0,Suburban,Low,0
1.0,4.3,20.0,Suburban,Moderate,0
77.0,4.54,31.8,Urban,Low,0
282.0,4.3,21.5,Suburban,Low,0
255.0,2.76,48.0,Urban,High,1
62.0,0.94,64.6,Suburban,Moderate,1
,3.82,12.7,Urban,Low,1
144.0,0.61,30.8,Rural,High,1
136.0,1.65,63.1,Urban,Moderate,0
119.0,3.81,,Urban,Low,1
94.0,3.73,62.5,Urban,Moderate,1
228.0,1.24,20.2,Urban,High,1
263.0,1.23,48.3,Rural,Moderate,1
156.0,4.42,46.9,Rural,High,0
58.0,3.61,37.7,Rural,Moderate,1
102.0,3.0,72.1,Urban,High,1
123.0,3.6,10.9,Rural,Moderate,0
280.0,1.13,48.8,Urban,High,1
37.0,0.64,22.9,Urban,Moderate,0
23.0,2.76,,Rural,High,1
189.0,4.45,13.4,Suburban,Low,0
221.0,3.28,62.5,Rural,Moderate,1
205.0,2.84,40.4,Urban,High,1
,3.49,52.3,Rural,Low,1
297.0,1.74,36.0,Rural,High,0
53.0,,18.3,Rural,Low,0
259.0,3.97,50.2,Suburban,Moderate,1
180.0,4.11,45.1,Urban,Low,1
116.0,4.97,69.7,Urban,Moderate,0
253.0,,21.4,Urban,Low,0
187.0,3.3,78.4,Urban,Low,1
293.0,1.19,26.4,Rural,Moderate,1
,3.79,63.9,Suburban,High,1
270.0,1.89,12.1,Urban,Moderate,0
,2.51,36.3,Urban,High,1
249.0,4.67,33.6,Urban,High,1
267.0,2.94,58.7,Urban,Low,1
50.0,3.81,33.1,Rural,Low,0
42.0,3.78,71.7,Suburban,Moderate,0
183.0,3.79,,Suburban,Low,1
50.0,4.21,17.9,Suburban,High,1
236.0,2.53,47.8,Suburban,High,0
264.0,4.94,42.3,Rural,Low,0
27.0,0.96,36.9,Urban,Low,0
102.0,,49.6,Urban,Moderate,0
69.0,2.89,55.7,Suburban,High,1
194.0,1.27,16.6,Suburban,Low,0
189.0,4.11,57.9,Rural,High,1
